history_id,asset_id,section_id,department,maintenance_type,completed_date,duration_hours,cost,failure_occurred_after_days
HIST-000001,AST-TRA-0001,SEC-DDU-PNBE,TRACTION,CatenaryRetensioning,2025-04-11,4.2,123038.29,252
HIST-000002,AST-TRA-0001,SEC-DDU-PNBE,TRACTION,CatenaryRetensioning,2025-09-26,2.3,71619.45,141
HIST-000003,AST-TRA-0001,SEC-DDU-PNBE,TRACTION,OHE_Inspection,2025-01-24,3.8,58667.56,59
HIST-000004,AST-TRA-0001,SEC-DDU-PNBE,TRACTION,ContactWireReplacement,2025-10-13,2.3,53256.2,262
HIST-000005,AST-TRA-0002,SEC-BCT-ST,TRACTION,SectionInsulatorAdjust,2024-09-12,3.3,49521.09,359
HIST-000006,AST-TRA-0002,SEC-BCT-ST,TRACTION,OHE_Inspection,2025-09-14,1.8,84231.08,309
HIST-000007,AST-TRA-0003,SEC-BRC-ADI,TRACTION,SectionInsulatorAdjust,2025-02-16,4.2,99228.38,228
HIST-000008,AST-S_A-0004,SEC-BRC-ADI,S_AND_T,PointMachineOverhaul,2024-04-18,2.1,47559.75,323
HIST-000009,AST-S_A-0004,SEC-BRC-ADI,S_AND_T,PointMachineOverhaul,2025-08-08,2.7,89654.34,107
HIST-000010,AST-TRA-0005,SEC-MAS-RU,TRACTION,ContactWireReplacement,2025-07-09,2.6,105723.12,297
HIST-000011,AST-TRA-0006,SEC-BCT-ST,TRACTION,CatenaryRetensioning,2025-01-26,2.1,68035.99,312
HIST-000012,AST-TRA-0006,SEC-BCT-ST,TRACTION,SectionInsulatorAdjust,2024-04-24,3.3,87852.22,265
HIST-000013,AST-TRA-0006,SEC-BCT-ST,TRACTION,OHE_Inspection,2025-09-23,4.2,99443.2,121
HIST-000014,AST-S_A-0007,SEC-BCT-ST,S_AND_T,AxleCounterCalibration,2024-09-16,2.7,49379.73,352
HIST-000015,AST-S_A-0007,SEC-BCT-ST,S_AND_T,CableMeggering,2024-09-11,1.6,68877.76,208
HIST-000016,AST-S_A-0007,SEC-BCT-ST,S_AND_T,CableMeggering,2025-11-15,2.6,70786.46,203
HIST-000017,AST-ENG-0008,SEC-DDU-PNBE,ENGINEERING,JointWelding,2025-04-26,3.5,129757.39,59
HIST-000018,AST-ENG-0008,SEC-DDU-PNBE,ENGINEERING,SwitchOverhaul,2025-11-15,4.2,85085.06,340
HIST-000019,AST-ENG-0008,SEC-DDU-PNBE,ENGINEERING,SwitchOverhaul,2024-10-01,2.1,75472.9,345
HIST-000020,AST-S_A-0009,SEC-DDU-PNBE,S_AND_T,SignalTesting,2025-06-26,4.4,49984.78,269
HIST-000021,AST-ENG-0010,SEC-PRYJ-DDU,ENGINEERING,RailGrinding,2024-06-02,2.6,68697.81,259
HIST-000022,AST-ENG-0010,SEC-PRYJ-DDU,ENGINEERING,JointWelding,2025-06-20,4.4,72865.68,248
HIST-000023,AST-ENG-0010,SEC-PRYJ-DDU,ENGINEERING,JointWelding,2025-10-31,3.5,96963.39,119
HIST-000024,AST-ENG-0011,SEC-NDLS-GZB,ENGINEERING,TrackTamping,2025-12-09,4.1,92487.44,84
HIST-000025,AST-ENG-0012,SEC-PRYJ-DDU,ENGINEERING,JointWelding,2024-08-19,2.4,120788.33,153
HIST-000026,AST-ENG-0012,SEC-PRYJ-DDU,ENGINEERING,TrackTamping,2025-06-25,2.3,33569.81,339
HIST-000027,AST-ENG-0013,SEC-BCT-ST,ENGINEERING,TrackTamping,2024-10-20,4.3,103499.94,97
HIST-000028,AST-ENG-0013,SEC-BCT-ST,ENGINEERING,RailGrinding,2025-10-22,2.1,139723.13,142
HIST-000029,AST-ENG-0013,SEC-BCT-ST,ENGINEERING,JointWelding,2024-12-19,1.8,139927.95,330
HIST-000030,AST-ENG-0013,SEC-BCT-ST,ENGINEERING,BallastCleaning,2025-06-29,3.5,65338.19,329
HIST-000031,AST-ENG-0014,SEC-CNB-PRYJ,ENGINEERING,JointWelding,2026-01-09,4.5,64213.82,53
HIST-000032,AST-ENG-0015,SEC-MAS-RU,ENGINEERING,TrackTamping,2025-06-04,2.0,24870.1,204
HIST-000033,AST-ENG-0015,SEC-MAS-RU,ENGINEERING,TrackTamping,2025-05-13,2.7,33682.71,61
HIST-000034,AST-ENG-0015,SEC-MAS-RU,ENGINEERING,SwitchOverhaul,2024-08-09,4.0,107855.08,285
HIST-000035,AST-ENG-0015,SEC-MAS-RU,ENGINEERING,BallastCleaning,2025-09-18,2.2,117530.96,290
HIST-000036,AST-ENG-0016,SEC-ST-BRC,ENGINEERING,BallastCleaning,2025-01-15,1.8,126713.78,162
HIST-000037,AST-ENG-0017,SEC-BCT-ST,ENGINEERING,JointWelding,2024-05-11,4.4,141105.04,258
HIST-000038,AST-ENG-0017,SEC-BCT-ST,ENGINEERING,TrackTamping,2024-04-15,3.7,62156.15,320
HIST-000039,AST-TRA-0018,SEC-GZB-CNB,TRACTION,OHE_Inspection,2025-05-16,4.4,113028.55,331
HIST-000040,AST-TRA-0018,SEC-GZB-CNB,TRACTION,SectionInsulatorAdjust,2025-08-05,2.8,115917.05,163
HIST-000041,AST-ENG-0019,SEC-GZB-CNB,ENGINEERING,SwitchOverhaul,2024-05-20,2.9,95083.02,147
HIST-000042,AST-ENG-0019,SEC-GZB-CNB,ENGINEERING,RailGrinding,2025-04-12,3.0,29270.53,248
HIST-000043,AST-ENG-0019,SEC-GZB-CNB,ENGINEERING,TrackTamping,2025-10-10,4.2,62163.34,173
HIST-000044,AST-ENG-0019,SEC-GZB-CNB,ENGINEERING,RailGrinding,2024-09-25,3.7,143132.57,79
HIST-000045,AST-ENG-0020,SEC-HWH-KGP,ENGINEERING,TrackTamping,2024-09-19,3.6,71033.21,321
HIST-000046,AST-ENG-0020,SEC-HWH-KGP,ENGINEERING,TrackTamping,2024-11-05,1.5,61506.99,133
HIST-000047,AST-TRA-0021,SEC-BRC-ADI,TRACTION,OHE_Inspection,2024-10-15,2.2,77640.93,170
HIST-000048,AST-TRA-0021,SEC-BRC-ADI,TRACTION,SectionInsulatorAdjust,2024-09-08,1.9,108386.52,179
HIST-000049,AST-TRA-0021,SEC-BRC-ADI,TRACTION,SectionInsulatorAdjust,2024-11-09,4.4,135785.22,163
HIST-000050,AST-TRA-0021,SEC-BRC-ADI,TRACTION,ContactWireReplacement,2025-07-14,1.6,56621.15,360
HIST-000051,AST-ENG-0022,SEC-BCT-ST,ENGINEERING,BallastCleaning,2025-02-24,4.3,132495.56,282
HIST-000052,AST-S_A-0023,SEC-BRC-ADI,S_AND_T,AxleCounterCalibration,2024-09-03,1.6,88462.07,343
HIST-000053,AST-S_A-0023,SEC-BRC-ADI,S_AND_T,RelayInterlockingInspection,2025-12-19,4.1,43915.33,345
HIST-000054,AST-ENG-0024,SEC-GZB-CNB,ENGINEERING,TrackTamping,2024-10-19,3.9,79213.03,226
HIST-000055,AST-ENG-0024,SEC-GZB-CNB,ENGINEERING,TrackTamping,2025-07-14,3.4,25837.84,269
HIST-000056,AST-ENG-0024,SEC-GZB-CNB,ENGINEERING,TrackTamping,2025-01-04,3.6,126785.83,113
HIST-000057,AST-ENG-0024,SEC-GZB-CNB,ENGINEERING,TrackTamping,2025-05-28,2.7,114025.41,198
HIST-000058,AST-S_A-0025,SEC-GZB-CNB,S_AND_T,AxleCounterCalibration,2025-09-10,3.5,62897.14,221
HIST-000059,AST-ENG-0026,SEC-GZB-CNB,ENGINEERING,BallastCleaning,2025-09-12,3.4,34017.83,104
HIST-000060,AST-ENG-0026,SEC-GZB-CNB,ENGINEERING,TrackTamping,2026-01-15,4.2,134156.72,61
HIST-000061,AST-ENG-0026,SEC-GZB-CNB,ENGINEERING,JointWelding,2024-09-29,2.1,85936.92,250
HIST-000062,AST-ENG-0026,SEC-GZB-CNB,ENGINEERING,TrackTamping,2024-08-15,1.8,135898.06,260
HIST-000063,AST-ENG-0027,SEC-GZB-CNB,ENGINEERING,JointWelding,2025-10-15,4.2,80423.29,99
HIST-000064,AST-ENG-0028,SEC-DDU-PNBE,ENGINEERING,RailGrinding,2025-05-26,4.4,31150.11,222
HIST-000065,AST-ENG-0028,SEC-DDU-PNBE,ENGINEERING,SwitchOverhaul,2025-07-09,2.5,30801.65,151
HIST-000066,AST-ENG-0029,SEC-BCT-ST,ENGINEERING,BallastCleaning,2025-04-27,2.1,69711.38,126
HIST-000067,AST-ENG-0029,SEC-BCT-ST,ENGINEERING,BallastCleaning,2024-12-01,3.7,127914.61,229
HIST-000068,AST-ENG-0030,SEC-PRYJ-DDU,ENGINEERING,RailGrinding,2025-05-01,3.0,91457.71,180
HIST-000069,AST-ENG-0030,SEC-PRYJ-DDU,ENGINEERING,TrackTamping,2025-08-05,2.4,38205.39,153
HIST-000070,AST-ENG-0031,SEC-BCT-ST,ENGINEERING,JointWelding,2025-11-02,3.2,72966.51,232
HIST-000071,AST-ENG-0031,SEC-BCT-ST,ENGINEERING,TrackTamping,2025-01-16,2.8,75440.82,259
HIST-000072,AST-TRA-0032,SEC-HWH-KGP,TRACTION,TransformerOilFiltration,2024-10-18,3.1,88889.25,64
HIST-000073,AST-S_A-0033,SEC-BRC-ADI,S_AND_T,CableMeggering,2024-09-10,3.9,83011.46,359
HIST-000074,AST-S_A-0033,SEC-BRC-ADI,S_AND_T,SignalTesting,2024-12-14,3.3,127630.35,264
HIST-000075,AST-S_A-0033,SEC-BRC-ADI,S_AND_T,CableMeggering,2024-05-16,2.1,111197.74,309
HIST-000076,AST-S_A-0034,SEC-ST-BRC,S_AND_T,RelayInterlockingInspection,2024-06-20,3.6,82521.91,262
HIST-000077,AST-S_A-0034,SEC-ST-BRC,S_AND_T,RelayInterlockingInspection,2025-06-04,2.4,26989.36,138
HIST-000078,AST-S_A-0034,SEC-ST-BRC,S_AND_T,RelayInterlockingInspection,2024-07-25,4.1,60078.33,346
HIST-000079,AST-S_A-0034,SEC-ST-BRC,S_AND_T,SignalTesting,2025-12-23,2.3,128782.78,213
HIST-000080,AST-S_A-0035,SEC-DDU-PNBE,S_AND_T,CableMeggering,2024-11-19,2.5,89448.74,213
HIST-000081,AST-S_A-0035,SEC-DDU-PNBE,S_AND_T,AxleCounterCalibration,2024-08-19,4.4,94973.69,119
HIST-000082,AST-S_A-0035,SEC-DDU-PNBE,S_AND_T,SignalTesting,2025-10-05,1.6,134099.16,187
HIST-000083,AST-ENG-0036,SEC-NDLS-GZB,ENGINEERING,SwitchOverhaul,2024-07-06,3.9,71762.07,172
HIST-000084,AST-ENG-0036,SEC-NDLS-GZB,ENGINEERING,BallastCleaning,2024-08-13,2.0,118158.41,345
HIST-000085,AST-ENG-0036,SEC-NDLS-GZB,ENGINEERING,RailGrinding,2024-11-02,2.5,70721.9,340
HIST-000086,AST-TRA-0037,SEC-BRC-ADI,TRACTION,OHE_Inspection,2024-08-29,2.8,106806.43,139
HIST-000087,AST-TRA-0037,SEC-BRC-ADI,TRACTION,ContactWireReplacement,2025-11-18,4.3,27276.2,298
HIST-000088,AST-TRA-0037,SEC-BRC-ADI,TRACTION,OHE_Inspection,2024-04-22,4.4,41710.51,205
HIST-000089,AST-TRA-0037,SEC-BRC-ADI,TRACTION,ContactWireReplacement,2025-12-09,4.2,103522.94,349
HIST-000090,AST-TRA-0038,SEC-DDU-PNBE,TRACTION,OHE_Inspection,2025-01-26,3.5,103883.55,339
HIST-000091,AST-TRA-0038,SEC-DDU-PNBE,TRACTION,CatenaryRetensioning,2025-06-07,3.5,82996.38,52
HIST-000092,AST-TRA-0038,SEC-DDU-PNBE,TRACTION,OHE_Inspection,2025-05-14,3.1,63712.3,206
HIST-000093,AST-ENG-0039,SEC-MAS-RU,ENGINEERING,RailGrinding,2025-04-05,2.7,18450.57,301
HIST-000094,AST-ENG-0039,SEC-MAS-RU,ENGINEERING,RailGrinding,2025-10-19,2.2,122133.57,190
HIST-000095,AST-TRA-0040,SEC-MAS-RU,TRACTION,ContactWireReplacement,2025-12-21,3.9,17594.27,310
HIST-000096,AST-TRA-0040,SEC-MAS-RU,TRACTION,TransformerOilFiltration,2025-10-06,3.2,119442.72,309
HIST-000097,AST-TRA-0041,SEC-NDLS-GZB,TRACTION,TransformerOilFiltration,2024-07-18,1.7,122896.69,346
HIST-000098,AST-TRA-0041,SEC-NDLS-GZB,TRACTION,SectionInsulatorAdjust,2025-11-14,2.1,140779.81,332
HIST-000099,AST-TRA-0041,SEC-NDLS-GZB,TRACTION,OHE_Inspection,2025-05-05,3.3,86110.97,329
HIST-000100,AST-TRA-0042,SEC-DDU-PNBE,TRACTION,OHE_Inspection,2025-10-16,3.2,15822.47,337
HIST-000101,AST-ENG-0043,SEC-MAS-RU,ENGINEERING,JointWelding,2026-01-18,2.0,95829.69,293
HIST-000102,AST-ENG-0043,SEC-MAS-RU,ENGINEERING,SwitchOverhaul,2025-05-06,2.3,91857.36,237
HIST-000103,AST-ENG-0043,SEC-MAS-RU,ENGINEERING,RailGrinding,2025-08-23,4.1,53885.78,347
HIST-000104,AST-ENG-0043,SEC-MAS-RU,ENGINEERING,BallastCleaning,2025-07-25,3.0,144603.14,228
HIST-000105,AST-ENG-0044,SEC-CNB-PRYJ,ENGINEERING,BallastCleaning,2026-01-24,4.3,36979.49,364
HIST-000106,AST-ENG-0044,SEC-CNB-PRYJ,ENGINEERING,TrackTamping,2025-01-27,3.4,64367.23,78
HIST-000107,AST-S_A-0045,SEC-GZB-CNB,S_AND_T,AxleCounterCalibration,2024-04-22,1.9,127589.99,177
HIST-000108,AST-S_A-0045,SEC-GZB-CNB,S_AND_T,CableMeggering,2026-01-06,3.6,116089.59,278
HIST-000109,AST-S_A-0045,SEC-GZB-CNB,S_AND_T,AxleCounterCalibration,2025-08-06,1.6,41580.17,250
HIST-000110,AST-S_A-0046,SEC-ST-BRC,S_AND_T,SignalTesting,2024-05-16,2.2,30036.72,281
HIST-000111,AST-S_A-0046,SEC-ST-BRC,S_AND_T,CableMeggering,2025-08-17,1.8,49704.46,67
HIST-000112,AST-S_A-0046,SEC-ST-BRC,S_AND_T,AxleCounterCalibration,2025-09-30,2.4,146514.15,47
HIST-000113,AST-S_A-0046,SEC-ST-BRC,S_AND_T,PointMachineOverhaul,2024-07-13,3.0,115701.33,335
HIST-000114,AST-S_A-0047,SEC-PRYJ-DDU,S_AND_T,RelayInterlockingInspection,2024-05-25,3.5,97156.01,159
HIST-000115,AST-S_A-0047,SEC-PRYJ-DDU,S_AND_T,PointMachineOverhaul,2024-11-21,3.6,121889.61,300
HIST-000116,AST-S_A-0047,SEC-PRYJ-DDU,S_AND_T,SignalTesting,2024-08-11,3.5,114497.96,195
HIST-000117,AST-S_A-0048,SEC-BRC-ADI,S_AND_T,CableMeggering,2024-05-31,2.4,47917.34,350
HIST-000118,AST-S_A-0048,SEC-BRC-ADI,S_AND_T,SignalTesting,2024-06-29,2.7,64669.58,124
HIST-000119,AST-ENG-0049,SEC-PRYJ-DDU,ENGINEERING,JointWelding,2024-06-08,3.6,122195.25,190
HIST-000120,AST-ENG-0049,SEC-PRYJ-DDU,ENGINEERING,SwitchOverhaul,2025-06-10,4.3,123338.52,206
HIST-000121,AST-ENG-0049,SEC-PRYJ-DDU,ENGINEERING,BallastCleaning,2025-05-07,3.1,18047.94,349
HIST-000122,AST-ENG-0050,SEC-BCT-ST,ENGINEERING,RailGrinding,2025-08-09,2.0,93849.19,243
HIST-000123,AST-ENG-0050,SEC-BCT-ST,ENGINEERING,RailGrinding,2025-11-18,3.1,15253.1,214
HIST-000124,AST-ENG-0050,SEC-BCT-ST,ENGINEERING,BallastCleaning,2024-07-11,1.9,74118.64,160
HIST-000125,AST-ENG-0051,SEC-CNB-PRYJ,ENGINEERING,JointWelding,2025-03-11,3.1,20875.68,248
HIST-000126,AST-ENG-0051,SEC-CNB-PRYJ,ENGINEERING,JointWelding,2025-05-18,2.9,25393.35,146
HIST-000127,AST-ENG-0051,SEC-CNB-PRYJ,ENGINEERING,JointWelding,2024-08-31,3.4,72633.39,256
HIST-000128,AST-ENG-0052,SEC-MAS-RU,ENGINEERING,JointWelding,2025-04-30,1.7,55359.3,216
HIST-000129,AST-ENG-0053,SEC-CNB-PRYJ,ENGINEERING,BallastCleaning,2024-04-09,2.8,45019.02,256
HIST-000130,AST-ENG-0053,SEC-CNB-PRYJ,ENGINEERING,SwitchOverhaul,2026-01-07,2.3,36919.96,125
HIST-000131,AST-TRA-0054,SEC-ST-BRC,TRACTION,SectionInsulatorAdjust,2025-09-28,3.4,24423.82,243
HIST-000132,AST-TRA-0055,SEC-BCT-ST,TRACTION,SectionInsulatorAdjust,2024-04-30,3.2,107609.87,312
HIST-000133,AST-ENG-0056,SEC-ST-BRC,ENGINEERING,SwitchOverhaul,2024-06-25,4.3,96141.79,86
HIST-000134,AST-S_A-0057,SEC-DDU-PNBE,S_AND_T,RelayInterlockingInspection,2024-11-26,2.5,21653.85,318
HIST-000135,AST-TRA-0058,SEC-GZB-CNB,TRACTION,CatenaryRetensioning,2024-12-11,2.7,131729.82,120
HIST-000136,AST-TRA-0058,SEC-GZB-CNB,TRACTION,ContactWireReplacement,2025-02-24,1.5,101009.05,210
HIST-000137,AST-TRA-0059,SEC-DDU-PNBE,TRACTION,OHE_Inspection,2025-11-19,2.3,67971.7,198
HIST-000138,AST-TRA-0059,SEC-DDU-PNBE,TRACTION,TransformerOilFiltration,2026-01-23,1.5,53418.78,209
HIST-000139,AST-ENG-0060,SEC-HWH-KGP,ENGINEERING,TrackTamping,2025-09-06,2.5,58391.9,355
HIST-000140,AST-ENG-0060,SEC-HWH-KGP,ENGINEERING,SwitchOverhaul,2025-05-21,2.2,77136.36,264
HIST-000141,AST-ENG-0060,SEC-HWH-KGP,ENGINEERING,SwitchOverhaul,2026-01-22,2.5,143084.3,321
HIST-000142,AST-ENG-0060,SEC-HWH-KGP,ENGINEERING,BallastCleaning,2024-04-14,2.5,43076.23,83
HIST-000143,AST-TRA-0061,SEC-NDLS-GZB,TRACTION,SectionInsulatorAdjust,2025-09-27,3.2,72463.03,202
HIST-000144,AST-TRA-0062,SEC-HWH-KGP,TRACTION,ContactWireReplacement,2025-08-01,4.5,139696.45,134
HIST-000145,AST-TRA-0062,SEC-HWH-KGP,TRACTION,OHE_Inspection,2024-07-08,3.5,76678.48,203
HIST-000146,AST-TRA-0063,SEC-HWH-KGP,TRACTION,TransformerOilFiltration,2025-07-18,4.2,24043.42,57
HIST-000147,AST-TRA-0063,SEC-HWH-KGP,TRACTION,SectionInsulatorAdjust,2025-06-10,2.0,32190.01,360
HIST-000148,AST-TRA-0063,SEC-HWH-KGP,TRACTION,SectionInsulatorAdjust,2025-03-20,3.8,105756.93,305
HIST-000149,AST-ENG-0064,SEC-NDLS-GZB,ENGINEERING,SwitchOverhaul,2024-11-08,1.9,97109.96,242
HIST-000150,AST-ENG-0064,SEC-NDLS-GZB,ENGINEERING,RailGrinding,2024-08-28,2.2,32203.15,321
HIST-000151,AST-ENG-0064,SEC-NDLS-GZB,ENGINEERING,SwitchOverhaul,2025-05-04,2.3,19310.48,73
HIST-000152,AST-ENG-0064,SEC-NDLS-GZB,ENGINEERING,SwitchOverhaul,2024-07-27,2.5,16542.93,206
HIST-000153,AST-S_A-0065,SEC-CNB-PRYJ,S_AND_T,SignalTesting,2026-01-07,3.0,35212.48,298
HIST-000154,AST-S_A-0065,SEC-CNB-PRYJ,S_AND_T,PointMachineOverhaul,2025-03-24,2.0,30239.01,180
HIST-000155,AST-S_A-0065,SEC-CNB-PRYJ,S_AND_T,PointMachineOverhaul,2025-07-29,2.1,61395.6,220
HIST-000156,AST-ENG-0066,SEC-CNB-PRYJ,ENGINEERING,TrackTamping,2025-03-16,1.9,20246.86,179
HIST-000157,AST-ENG-0066,SEC-CNB-PRYJ,ENGINEERING,TrackTamping,2024-12-22,2.6,112038.28,195
HIST-000158,AST-TRA-0067,SEC-ST-BRC,TRACTION,SectionInsulatorAdjust,2025-05-16,3.6,15532.37,267
HIST-000159,AST-ENG-0068,SEC-GZB-CNB,ENGINEERING,TrackTamping,2025-05-28,1.7,86731.32,363
HIST-000160,AST-ENG-0069,SEC-GZB-CNB,ENGINEERING,JointWelding,2025-03-28,3.0,113273.84,138
HIST-000161,AST-TRA-0070,SEC-GZB-CNB,TRACTION,TransformerOilFiltration,2024-11-04,4.3,148682.5,261
HIST-000162,AST-TRA-0070,SEC-GZB-CNB,TRACTION,OHE_Inspection,2025-06-04,2.6,45152.78,85
HIST-000163,AST-TRA-0070,SEC-GZB-CNB,TRACTION,TransformerOilFiltration,2026-01-17,2.6,79860.67,352
HIST-000164,AST-TRA-0070,SEC-GZB-CNB,TRACTION,OHE_Inspection,2024-09-06,3.1,60246.77,132
HIST-000165,AST-ENG-0071,SEC-DDU-PNBE,ENGINEERING,SwitchOverhaul,2024-08-23,1.5,104106.93,249
HIST-000166,AST-ENG-0072,SEC-NDLS-GZB,ENGINEERING,SwitchOverhaul,2025-10-08,3.2,69200.16,276
HIST-000167,AST-ENG-0072,SEC-NDLS-GZB,ENGINEERING,SwitchOverhaul,2024-10-21,4.1,120130.4,298
HIST-000168,AST-ENG-0072,SEC-NDLS-GZB,ENGINEERING,BallastCleaning,2025-01-30,2.7,121518.53,276
HIST-000169,AST-TRA-0073,SEC-NDLS-GZB,TRACTION,ContactWireReplacement,2024-07-24,2.2,51448.48,88
HIST-000170,AST-TRA-0074,SEC-NDLS-GZB,TRACTION,OHE_Inspection,2025-10-11,2.1,95397.81,170
HIST-000171,AST-TRA-0074,SEC-NDLS-GZB,TRACTION,OHE_Inspection,2026-01-21,2.3,104845.29,313
HIST-000172,AST-ENG-0075,SEC-PRYJ-DDU,ENGINEERING,BallastCleaning,2024-09-20,3.9,147909.06,77
HIST-000173,AST-ENG-0075,SEC-PRYJ-DDU,ENGINEERING,SwitchOverhaul,2025-01-17,1.8,145747.6,70
HIST-000174,AST-ENG-0076,SEC-ST-BRC,ENGINEERING,BallastCleaning,2024-11-01,3.5,39248.38,285
HIST-000175,AST-ENG-0076,SEC-ST-BRC,ENGINEERING,BallastCleaning,2025-02-25,3.9,131959.0,49
HIST-000176,AST-ENG-0076,SEC-ST-BRC,ENGINEERING,RailGrinding,2025-08-24,2.0,144367.38,235
HIST-000177,AST-TRA-0077,SEC-MAS-RU,TRACTION,TransformerOilFiltration,2025-08-15,2.2,98167.28,277
HIST-000178,AST-S_A-0078,SEC-GZB-CNB,S_AND_T,AxleCounterCalibration,2024-11-15,4.0,134525.07,150
HIST-000179,AST-TRA-0079,SEC-HWH-KGP,TRACTION,OHE_Inspection,2024-07-07,3.7,90531.25,150
HIST-000180,AST-S_A-0080,SEC-DDU-PNBE,S_AND_T,AxleCounterCalibration,2024-12-29,3.3,33313.31,197
HIST-000181,AST-S_A-0080,SEC-DDU-PNBE,S_AND_T,AxleCounterCalibration,2025-07-14,2.0,52814.25,281
HIST-000182,AST-TRA-0081,SEC-PRYJ-DDU,TRACTION,ContactWireReplacement,2024-04-19,3.8,89227.92,296
HIST-000183,AST-S_A-0082,SEC-DDU-PNBE,S_AND_T,RelayInterlockingInspection,2026-01-14,4.2,133857.95,363
HIST-000184,AST-ENG-0083,SEC-ST-BRC,ENGINEERING,JointWelding,2025-05-19,3.3,144949.33,234
HIST-000185,AST-ENG-0083,SEC-ST-BRC,ENGINEERING,RailGrinding,2024-05-05,4.1,121983.81,145
HIST-000186,AST-ENG-0083,SEC-ST-BRC,ENGINEERING,SwitchOverhaul,2025-09-09,4.2,66865.65,73
HIST-000187,AST-ENG-0083,SEC-ST-BRC,ENGINEERING,SwitchOverhaul,2025-05-07,3.7,133764.51,249
HIST-000188,AST-TRA-0084,SEC-BRC-ADI,TRACTION,OHE_Inspection,2024-06-23,4.4,39114.86,275
HIST-000189,AST-TRA-0084,SEC-BRC-ADI,TRACTION,CatenaryRetensioning,2024-10-02,1.7,90008.95,220
HIST-000190,AST-TRA-0084,SEC-BRC-ADI,TRACTION,TransformerOilFiltration,2025-12-01,2.7,26017.27,226
HIST-000191,AST-ENG-0085,SEC-NDLS-GZB,ENGINEERING,RailGrinding,2024-11-22,2.0,108748.96,278
HIST-000192,AST-ENG-0085,SEC-NDLS-GZB,ENGINEERING,TrackTamping,2026-01-18,1.9,34894.04,331
HIST-000193,AST-ENG-0085,SEC-NDLS-GZB,ENGINEERING,RailGrinding,2024-12-25,3.3,124262.45,294
HIST-000194,AST-TRA-0086,SEC-GZB-CNB,TRACTION,SectionInsulatorAdjust,2024-12-30,4.4,67779.57,300
HIST-000195,AST-S_A-0087,SEC-BCT-ST,S_AND_T,PointMachineOverhaul,2025-10-22,3.3,88858.91,88
HIST-000196,AST-TRA-0088,SEC-NDLS-GZB,TRACTION,ContactWireReplacement,2025-09-29,4.4,49184.11,327
HIST-000197,AST-TRA-0088,SEC-NDLS-GZB,TRACTION,ContactWireReplacement,2025-06-30,2.1,67301.91,354
HIST-000198,AST-TRA-0088,SEC-NDLS-GZB,TRACTION,TransformerOilFiltration,2024-07-08,1.7,78852.18,235
HIST-000199,AST-ENG-0089,SEC-DDU-PNBE,ENGINEERING,JointWelding,2025-12-01,2.7,102527.61,174
HIST-000200,AST-ENG-0089,SEC-DDU-PNBE,ENGINEERING,BallastCleaning,2024-09-06,4.1,17197.15,57
HIST-000201,AST-TRA-0090,SEC-NDLS-GZB,TRACTION,OHE_Inspection,2025-05-16,2.4,133754.52,60
HIST-000202,AST-TRA-0090,SEC-NDLS-GZB,TRACTION,SectionInsulatorAdjust,2024-10-25,3.0,112457.06,100
HIST-000203,AST-TRA-0090,SEC-NDLS-GZB,TRACTION,CatenaryRetensioning,2025-07-29,3.4,18331.18,91
HIST-000204,AST-TRA-0090,SEC-NDLS-GZB,TRACTION,SectionInsulatorAdjust,2025-03-02,1.6,95798.94,93
HIST-000205,AST-TRA-0091,SEC-DDU-PNBE,TRACTION,TransformerOilFiltration,2024-08-28,3.9,110362.36,56
HIST-000206,AST-TRA-0091,SEC-DDU-PNBE,TRACTION,SectionInsulatorAdjust,2024-10-16,2.2,68135.39,212
HIST-000207,AST-TRA-0091,SEC-DDU-PNBE,TRACTION,TransformerOilFiltration,2025-11-11,2.4,58123.95,121
HIST-000208,AST-TRA-0091,SEC-DDU-PNBE,TRACTION,OHE_Inspection,2024-06-26,2.1,136698.5,101
HIST-000209,AST-S_A-0092,SEC-NDLS-GZB,S_AND_T,PointMachineOverhaul,2024-10-21,4.3,47254.57,336
HIST-000210,AST-S_A-0092,SEC-NDLS-GZB,S_AND_T,SignalTesting,2025-05-03,2.8,46674.42,305
HIST-000211,AST-S_A-0092,SEC-NDLS-GZB,S_AND_T,PointMachineOverhaul,2024-07-10,3.0,98786.99,284
HIST-000212,AST-S_A-0092,SEC-NDLS-GZB,S_AND_T,RelayInterlockingInspection,2025-05-04,2.3,87271.89,183
HIST-000213,AST-TRA-0093,SEC-PRYJ-DDU,TRACTION,OHE_Inspection,2025-09-05,3.7,70387.66,322
HIST-000214,AST-TRA-0093,SEC-PRYJ-DDU,TRACTION,SectionInsulatorAdjust,2024-11-10,1.5,61506.05,263
HIST-000215,AST-TRA-0093,SEC-PRYJ-DDU,TRACTION,SectionInsulatorAdjust,2025-04-10,3.7,144979.0,195
HIST-000216,AST-TRA-0093,SEC-PRYJ-DDU,TRACTION,ContactWireReplacement,2024-07-26,2.6,97419.56,312
HIST-000217,AST-S_A-0094,SEC-BRC-ADI,S_AND_T,SignalTesting,2026-01-21,4.4,124286.54,195
HIST-000218,AST-S_A-0094,SEC-BRC-ADI,S_AND_T,CableMeggering,2024-04-28,1.6,74030.31,114
HIST-000219,AST-TRA-0095,SEC-PRYJ-DDU,TRACTION,SectionInsulatorAdjust,2024-05-15,1.9,24308.63,89
HIST-000220,AST-TRA-0095,SEC-PRYJ-DDU,TRACTION,SectionInsulatorAdjust,2025-08-06,3.9,108875.77,347
HIST-000221,AST-TRA-0096,SEC-BCT-ST,TRACTION,SectionInsulatorAdjust,2024-06-03,2.8,36315.75,118
HIST-000222,AST-ENG-0097,SEC-BCT-ST,ENGINEERING,BallastCleaning,2026-01-27,2.5,145916.15,262
HIST-000223,AST-ENG-0097,SEC-BCT-ST,ENGINEERING,SwitchOverhaul,2025-03-18,3.5,102823.58,164
HIST-000224,AST-ENG-0098,SEC-PRYJ-DDU,ENGINEERING,SwitchOverhaul,2026-01-29,2.2,65656.54,242
HIST-000225,AST-ENG-0098,SEC-PRYJ-DDU,ENGINEERING,SwitchOverhaul,2025-08-01,3.2,64768.44,93
HIST-000226,AST-ENG-0098,SEC-PRYJ-DDU,ENGINEERING,JointWelding,2025-10-10,2.5,138245.25,206
HIST-000227,AST-S_A-0099,SEC-GZB-CNB,S_AND_T,AxleCounterCalibration,2025-02-06,2.7,126704.02,322
HIST-000228,AST-S_A-0099,SEC-GZB-CNB,S_AND_T,SignalTesting,2024-07-13,2.4,25553.75,71
HIST-000229,AST-S_A-0099,SEC-GZB-CNB,S_AND_T,SignalTesting,2026-01-09,3.7,99389.86,339
HIST-000230,AST-S_A-0099,SEC-GZB-CNB,S_AND_T,AxleCounterCalibration,2024-08-27,3.2,101223.2,346
HIST-000231,AST-S_A-0100,SEC-BRC-ADI,S_AND_T,AxleCounterCalibration,2025-03-03,3.7,52932.04,334
HIST-000232,AST-S_A-0100,SEC-BRC-ADI,S_AND_T,SignalTesting,2024-04-16,2.7,134076.69,55
HIST-000233,AST-S_A-0100,SEC-BRC-ADI,S_AND_T,SignalTesting,2024-05-28,1.9,64333.15,57
HIST-000234,AST-S_A-0100,SEC-BRC-ADI,S_AND_T,CableMeggering,2025-04-19,4.0,77652.1,343
HIST-000235,AST-S_A-0101,SEC-DDU-PNBE,S_AND_T,RelayInterlockingInspection,2024-04-19,4.1,48217.69,250
HIST-000236,AST-TRA-0102,SEC-PRYJ-DDU,TRACTION,TransformerOilFiltration,2025-03-09,1.5,110236.18,54
HIST-000237,AST-ENG-0103,SEC-CNB-PRYJ,ENGINEERING,JointWelding,2025-11-12,3.6,19351.67,220
HIST-000238,AST-ENG-0103,SEC-CNB-PRYJ,ENGINEERING,BallastCleaning,2024-10-24,3.6,135113.68,65
HIST-000239,AST-ENG-0103,SEC-CNB-PRYJ,ENGINEERING,RailGrinding,2025-07-14,4.0,102835.73,356
HIST-000240,AST-ENG-0103,SEC-CNB-PRYJ,ENGINEERING,RailGrinding,2025-12-01,3.6,125186.09,210
HIST-000241,AST-TRA-0104,SEC-CNB-PRYJ,TRACTION,CatenaryRetensioning,2025-08-08,4.2,80542.69,309
HIST-000242,AST-TRA-0104,SEC-CNB-PRYJ,TRACTION,ContactWireReplacement,2024-10-03,3.8,126642.6,212
HIST-000243,AST-TRA-0105,SEC-HWH-KGP,TRACTION,SectionInsulatorAdjust,2026-01-15,2.5,138877.84,70
HIST-000244,AST-TRA-0105,SEC-HWH-KGP,TRACTION,ContactWireReplacement,2025-03-27,4.2,77428.58,74
HIST-000245,AST-TRA-0105,SEC-HWH-KGP,TRACTION,TransformerOilFiltration,2025-07-21,3.2,63665.38,333
HIST-000246,AST-TRA-0105,SEC-HWH-KGP,TRACTION,OHE_Inspection,2025-07-17,1.8,33806.89,271
HIST-000247,AST-ENG-0106,SEC-BCT-ST,ENGINEERING,SwitchOverhaul,2024-10-15,2.4,23846.23,196
HIST-000248,AST-ENG-0106,SEC-BCT-ST,ENGINEERING,TrackTamping,2025-08-06,4.5,68053.23,175
HIST-000249,AST-ENG-0107,SEC-DDU-PNBE,ENGINEERING,RailGrinding,2025-12-02,4.3,121203.92,230
HIST-000250,AST-ENG-0107,SEC-DDU-PNBE,ENGINEERING,JointWelding,2025-07-30,4.3,100933.37,110
HIST-000251,AST-S_A-0108,SEC-BRC-ADI,S_AND_T,SignalTesting,2025-09-23,4.0,130696.44,221
HIST-000252,AST-S_A-0108,SEC-BRC-ADI,S_AND_T,AxleCounterCalibration,2024-05-26,3.9,41335.85,198
HIST-000253,AST-S_A-0108,SEC-BRC-ADI,S_AND_T,RelayInterlockingInspection,2025-05-28,2.6,95483.44,273
HIST-000254,AST-S_A-0108,SEC-BRC-ADI,S_AND_T,SignalTesting,2024-11-04,2.1,58427.87,156
HIST-000255,AST-ENG-0109,SEC-NDLS-GZB,ENGINEERING,TrackTamping,2024-11-12,3.7,32082.44,261
HIST-000256,AST-ENG-0109,SEC-NDLS-GZB,ENGINEERING,JointWelding,2025-06-10,3.6,19118.19,343
HIST-000257,AST-ENG-0109,SEC-NDLS-GZB,ENGINEERING,SwitchOverhaul,2025-06-20,2.6,30851.28,194
HIST-000258,AST-S_A-0110,SEC-DDU-PNBE,S_AND_T,CableMeggering,2025-09-14,1.8,50950.52,52
HIST-000259,AST-S_A-0110,SEC-DDU-PNBE,S_AND_T,CableMeggering,2024-12-26,3.1,72307.22,341
HIST-000260,AST-S_A-0110,SEC-DDU-PNBE,S_AND_T,SignalTesting,2024-11-13,1.9,45054.15,218
HIST-000261,AST-S_A-0110,SEC-DDU-PNBE,S_AND_T,PointMachineOverhaul,2025-12-06,3.3,77319.29,82
HIST-000262,AST-ENG-0111,SEC-CNB-PRYJ,ENGINEERING,BallastCleaning,2025-09-19,4.4,57416.12,360
HIST-000263,AST-ENG-0111,SEC-CNB-PRYJ,ENGINEERING,TrackTamping,2025-02-16,3.6,113589.19,198
HIST-000264,AST-ENG-0112,SEC-HWH-KGP,ENGINEERING,RailGrinding,2024-09-29,2.8,124508.58,109
HIST-000265,AST-ENG-0112,SEC-HWH-KGP,ENGINEERING,RailGrinding,2024-05-31,4.5,64246.21,281
HIST-000266,AST-ENG-0112,SEC-HWH-KGP,ENGINEERING,SwitchOverhaul,2025-03-03,2.8,129160.23,196
HIST-000267,AST-ENG-0112,SEC-HWH-KGP,ENGINEERING,TrackTamping,2025-10-24,3.2,98511.21,306
HIST-000268,AST-ENG-0113,SEC-BRC-ADI,ENGINEERING,SwitchOverhaul,2024-12-24,4.4,132742.64,359
HIST-000269,AST-ENG-0113,SEC-BRC-ADI,ENGINEERING,TrackTamping,2025-06-11,4.4,49721.62,320
HIST-000270,AST-ENG-0113,SEC-BRC-ADI,ENGINEERING,SwitchOverhaul,2025-06-07,2.3,102691.58,56
HIST-000271,AST-ENG-0113,SEC-BRC-ADI,ENGINEERING,TrackTamping,2025-11-29,2.8,94286.47,279
HIST-000272,AST-ENG-0114,SEC-CNB-PRYJ,ENGINEERING,BallastCleaning,2026-01-13,3.0,99408.89,267
HIST-000273,AST-ENG-0115,SEC-NDLS-GZB,ENGINEERING,JointWelding,2025-07-03,2.8,142437.18,91
HIST-000274,AST-ENG-0115,SEC-NDLS-GZB,ENGINEERING,RailGrinding,2024-10-17,3.5,21728.88,360
HIST-000275,AST-ENG-0115,SEC-NDLS-GZB,ENGINEERING,BallastCleaning,2024-10-06,2.9,64646.67,121
HIST-000276,AST-ENG-0115,SEC-NDLS-GZB,ENGINEERING,TrackTamping,2025-09-07,2.5,62266.87,265
HIST-000277,AST-ENG-0116,SEC-DDU-PNBE,ENGINEERING,JointWelding,2025-09-23,2.9,138447.53,283
HIST-000278,AST-ENG-0116,SEC-DDU-PNBE,ENGINEERING,TrackTamping,2025-03-27,2.2,70014.89,79
HIST-000279,AST-ENG-0116,SEC-DDU-PNBE,ENGINEERING,RailGrinding,2025-12-30,4.1,106617.16,362
HIST-000280,AST-TRA-0117,SEC-PRYJ-DDU,TRACTION,TransformerOilFiltration,2025-05-14,2.7,97645.98,182
HIST-000281,AST-TRA-0117,SEC-PRYJ-DDU,TRACTION,CatenaryRetensioning,2025-11-08,2.4,38109.92,97
HIST-000282,AST-TRA-0117,SEC-PRYJ-DDU,TRACTION,SectionInsulatorAdjust,2025-05-24,1.6,36623.96,173
HIST-000283,AST-ENG-0118,SEC-NDLS-GZB,ENGINEERING,JointWelding,2024-04-25,3.0,81874.96,229
HIST-000284,AST-ENG-0118,SEC-NDLS-GZB,ENGINEERING,RailGrinding,2024-08-30,2.8,28476.76,56
HIST-000285,AST-ENG-0118,SEC-NDLS-GZB,ENGINEERING,BallastCleaning,2024-12-16,4.5,116740.49,85
HIST-000286,AST-ENG-0118,SEC-NDLS-GZB,ENGINEERING,BallastCleaning,2024-04-11,3.3,116819.81,283
HIST-000287,AST-ENG-0119,SEC-PRYJ-DDU,ENGINEERING,SwitchOverhaul,2024-11-15,2.4,85224.04,193
HIST-000288,AST-ENG-0119,SEC-PRYJ-DDU,ENGINEERING,RailGrinding,2024-11-30,3.0,34728.28,171
HIST-000289,AST-ENG-0120,SEC-BRC-ADI,ENGINEERING,RailGrinding,2025-07-27,2.4,82368.8,195
HIST-000290,AST-ENG-0120,SEC-BRC-ADI,ENGINEERING,BallastCleaning,2025-10-14,2.8,62557.7,352
HIST-000291,AST-ENG-0120,SEC-BRC-ADI,ENGINEERING,TrackTamping,2026-01-13,4.0,99487.58,342
HIST-000292,AST-ENG-0121,SEC-ST-BRC,ENGINEERING,RailGrinding,2025-08-13,3.7,142639.07,292
HIST-000293,AST-ENG-0121,SEC-ST-BRC,ENGINEERING,SwitchOverhaul,2025-05-20,1.8,15858.87,88
HIST-000294,AST-ENG-0122,SEC-HWH-KGP,ENGINEERING,JointWelding,2024-09-19,4.5,120866.63,359
HIST-000295,AST-ENG-0122,SEC-HWH-KGP,ENGINEERING,TrackTamping,2024-10-03,4.4,59254.81,68
HIST-000296,AST-ENG-0122,SEC-HWH-KGP,ENGINEERING,TrackTamping,2025-06-21,1.6,126478.91,264
HIST-000297,AST-ENG-0122,SEC-HWH-KGP,ENGINEERING,JointWelding,2024-06-03,3.8,120526.33,129
HIST-000298,AST-ENG-0123,SEC-MAS-RU,ENGINEERING,TrackTamping,2024-05-18,3.9,95616.34,290
HIST-000299,AST-ENG-0123,SEC-MAS-RU,ENGINEERING,SwitchOverhaul,2024-05-31,2.4,63688.58,82
HIST-000300,AST-ENG-0124,SEC-HWH-KGP,ENGINEERING,TrackTamping,2024-10-30,4.4,54879.97,297
HIST-000301,AST-ENG-0125,SEC-MAS-RU,ENGINEERING,BallastCleaning,2025-03-06,2.3,65490.47,54
HIST-000302,AST-ENG-0125,SEC-MAS-RU,ENGINEERING,BallastCleaning,2025-09-26,2.9,64204.13,172
HIST-000303,AST-ENG-0125,SEC-MAS-RU,ENGINEERING,TrackTamping,2024-12-08,2.2,61288.24,310
HIST-000304,AST-ENG-0125,SEC-MAS-RU,ENGINEERING,SwitchOverhaul,2025-01-05,3.8,126428.58,107
HIST-000305,AST-TRA-0126,SEC-MAS-RU,TRACTION,TransformerOilFiltration,2025-06-05,4.2,67913.31,238
HIST-000306,AST-ENG-0127,SEC-PRYJ-DDU,ENGINEERING,JointWelding,2025-05-05,1.8,110256.27,115
HIST-000307,AST-ENG-0127,SEC-PRYJ-DDU,ENGINEERING,RailGrinding,2024-07-10,3.6,78414.66,93
HIST-000308,AST-S_A-0128,SEC-DDU-PNBE,S_AND_T,AxleCounterCalibration,2024-07-08,4.1,23691.99,335
HIST-000309,AST-S_A-0128,SEC-DDU-PNBE,S_AND_T,RelayInterlockingInspection,2024-10-02,4.3,98882.04,270
HIST-000310,AST-S_A-0128,SEC-DDU-PNBE,S_AND_T,SignalTesting,2024-12-24,4.1,21264.48,59
HIST-000311,AST-ENG-0129,SEC-GZB-CNB,ENGINEERING,JointWelding,2025-07-04,4.3,148906.57,341
HIST-000312,AST-ENG-0129,SEC-GZB-CNB,ENGINEERING,BallastCleaning,2025-04-06,2.0,80872.51,105
HIST-000313,AST-S_A-0130,SEC-PRYJ-DDU,S_AND_T,CableMeggering,2024-12-21,3.2,69608.3,103
HIST-000314,AST-TRA-0131,SEC-NDLS-GZB,TRACTION,TransformerOilFiltration,2024-05-13,4.1,109959.8,71
HIST-000315,AST-ENG-0132,SEC-HWH-KGP,ENGINEERING,TrackTamping,2025-09-06,2.7,28685.64,277
HIST-000316,AST-TRA-0133,SEC-HWH-KGP,TRACTION,SectionInsulatorAdjust,2025-11-04,1.8,121387.76,323
HIST-000317,AST-TRA-0133,SEC-HWH-KGP,TRACTION,OHE_Inspection,2025-05-29,3.2,16805.24,123
HIST-000318,AST-TRA-0133,SEC-HWH-KGP,TRACTION,TransformerOilFiltration,2024-08-24,4.0,140287.78,224
HIST-000319,AST-TRA-0133,SEC-HWH-KGP,TRACTION,CatenaryRetensioning,2025-06-15,2.2,90628.76,250
HIST-000320,AST-S_A-0134,SEC-DDU-PNBE,S_AND_T,CableMeggering,2025-08-13,2.0,142066.4,227
HIST-000321,AST-S_A-0135,SEC-NDLS-GZB,S_AND_T,CableMeggering,2024-06-15,3.8,27893.06,152
HIST-000322,AST-S_A-0135,SEC-NDLS-GZB,S_AND_T,RelayInterlockingInspection,2025-11-07,2.3,33311.64,150
HIST-000323,AST-ENG-0136,SEC-HWH-KGP,ENGINEERING,BallastCleaning,2024-04-19,3.1,85271.52,351
HIST-000324,AST-ENG-0136,SEC-HWH-KGP,ENGINEERING,BallastCleaning,2025-12-22,3.3,99221.73,61
HIST-000325,AST-ENG-0136,SEC-HWH-KGP,ENGINEERING,TrackTamping,2025-04-14,2.6,97734.92,165
HIST-000326,AST-TRA-0137,SEC-HWH-KGP,TRACTION,CatenaryRetensioning,2025-10-14,2.8,89014.8,45
HIST-000327,AST-TRA-0137,SEC-HWH-KGP,TRACTION,SectionInsulatorAdjust,2025-01-08,1.7,15570.5,144
HIST-000328,AST-TRA-0137,SEC-HWH-KGP,TRACTION,CatenaryRetensioning,2025-01-05,2.1,100084.38,49
HIST-000329,AST-ENG-0138,SEC-GZB-CNB,ENGINEERING,RailGrinding,2026-01-30,4.0,109284.22,280
HIST-000330,AST-ENG-0138,SEC-GZB-CNB,ENGINEERING,TrackTamping,2026-01-15,3.0,61847.6,293
HIST-000331,AST-ENG-0138,SEC-GZB-CNB,ENGINEERING,SwitchOverhaul,2024-10-31,3.6,56929.41,294
HIST-000332,AST-S_A-0139,SEC-BCT-ST,S_AND_T,RelayInterlockingInspection,2025-12-18,3.3,24433.85,281
HIST-000333,AST-S_A-0139,SEC-BCT-ST,S_AND_T,SignalTesting,2025-07-27,3.4,84223.09,188
HIST-000334,AST-S_A-0139,SEC-BCT-ST,S_AND_T,RelayInterlockingInspection,2026-01-10,2.3,109791.19,175
HIST-000335,AST-S_A-0139,SEC-BCT-ST,S_AND_T,CableMeggering,2024-08-01,3.8,134948.45,289
HIST-000336,AST-S_A-0140,SEC-ST-BRC,S_AND_T,SignalTesting,2025-12-05,4.4,92442.84,268
HIST-000337,AST-S_A-0140,SEC-ST-BRC,S_AND_T,PointMachineOverhaul,2024-07-03,4.5,38581.43,91
HIST-000338,AST-S_A-0140,SEC-ST-BRC,S_AND_T,SignalTesting,2025-06-20,2.9,71548.26,100
HIST-000339,AST-S_A-0140,SEC-ST-BRC,S_AND_T,AxleCounterCalibration,2024-04-20,4.3,79573.79,284
HIST-000340,AST-ENG-0141,SEC-ST-BRC,ENGINEERING,JointWelding,2024-06-28,4.0,47362.47,357
HIST-000341,AST-ENG-0141,SEC-ST-BRC,ENGINEERING,RailGrinding,2026-01-22,4.0,89634.77,246
HIST-000342,AST-ENG-0141,SEC-ST-BRC,ENGINEERING,RailGrinding,2025-11-08,3.7,105387.8,155
HIST-000343,AST-S_A-0142,SEC-NDLS-GZB,S_AND_T,CableMeggering,2024-06-24,3.9,105173.53,104
HIST-000344,AST-S_A-0142,SEC-NDLS-GZB,S_AND_T,RelayInterlockingInspection,2024-11-11,3.1,77629.42,256
HIST-000345,AST-S_A-0142,SEC-NDLS-GZB,S_AND_T,RelayInterlockingInspection,2024-08-30,3.3,81147.38,273
HIST-000346,AST-ENG-0143,SEC-GZB-CNB,ENGINEERING,SwitchOverhaul,2025-05-17,3.4,61203.54,269
HIST-000347,AST-ENG-0144,SEC-BRC-ADI,ENGINEERING,RailGrinding,2025-12-27,4.4,131127.18,293
HIST-000348,AST-ENG-0144,SEC-BRC-ADI,ENGINEERING,JointWelding,2025-01-20,3.7,86243.3,173
HIST-000349,AST-TRA-0145,SEC-BRC-ADI,TRACTION,OHE_Inspection,2024-04-17,1.6,91762.49,62
HIST-000350,AST-TRA-0145,SEC-BRC-ADI,TRACTION,ContactWireReplacement,2025-05-04,3.3,120492.11,220
HIST-000351,AST-TRA-0146,SEC-GZB-CNB,TRACTION,TransformerOilFiltration,2025-08-21,3.6,127571.58,131
HIST-000352,AST-S_A-0147,SEC-ST-BRC,S_AND_T,PointMachineOverhaul,2024-10-09,3.3,76359.8,344
HIST-000353,AST-S_A-0147,SEC-ST-BRC,S_AND_T,SignalTesting,2024-08-31,2.3,116843.04,222
HIST-000354,AST-ENG-0148,SEC-DDU-PNBE,ENGINEERING,BallastCleaning,2025-02-18,3.2,143023.21,101
HIST-000355,AST-ENG-0148,SEC-DDU-PNBE,ENGINEERING,SwitchOverhaul,2025-02-14,2.4,110967.88,172
HIST-000356,AST-TRA-0149,SEC-PRYJ-DDU,TRACTION,TransformerOilFiltration,2025-10-26,3.1,48397.77,165
HIST-000357,AST-TRA-0149,SEC-PRYJ-DDU,TRACTION,ContactWireReplacement,2025-06-11,2.3,123138.65,346
HIST-000358,AST-ENG-0150,SEC-ST-BRC,ENGINEERING,TrackTamping,2024-11-09,1.9,42617.05,215
HIST-000359,AST-ENG-0150,SEC-ST-BRC,ENGINEERING,TrackTamping,2026-01-06,3.3,146406.73,168
HIST-000360,AST-ENG-0151,SEC-ST-BRC,ENGINEERING,TrackTamping,2025-06-13,2.3,36229.76,167
HIST-000361,AST-ENG-0151,SEC-ST-BRC,ENGINEERING,RailGrinding,2024-04-17,2.1,98818.16,120
HIST-000362,AST-ENG-0151,SEC-ST-BRC,ENGINEERING,BallastCleaning,2024-05-19,2.2,105499.26,360
HIST-000363,AST-ENG-0151,SEC-ST-BRC,ENGINEERING,TrackTamping,2025-11-27,1.7,64257.21,51
HIST-000364,AST-TRA-0152,SEC-BCT-ST,TRACTION,SectionInsulatorAdjust,2024-04-17,3.8,58401.93,220
HIST-000365,AST-TRA-0152,SEC-BCT-ST,TRACTION,SectionInsulatorAdjust,2024-04-10,4.4,63297.72,348
HIST-000366,AST-TRA-0153,SEC-NDLS-GZB,TRACTION,SectionInsulatorAdjust,2025-11-10,3.7,49042.58,357
HIST-000367,AST-TRA-0153,SEC-NDLS-GZB,TRACTION,OHE_Inspection,2024-11-26,4.4,137131.13,208
HIST-000368,AST-TRA-0153,SEC-NDLS-GZB,TRACTION,ContactWireReplacement,2024-12-23,4.3,134449.69,180
HIST-000369,AST-TRA-0153,SEC-NDLS-GZB,TRACTION,SectionInsulatorAdjust,2024-12-31,2.0,25378.02,71
HIST-000370,AST-S_A-0154,SEC-GZB-CNB,S_AND_T,RelayInterlockingInspection,2025-11-19,2.1,108265.37,357
HIST-000371,AST-S_A-0154,SEC-GZB-CNB,S_AND_T,RelayInterlockingInspection,2024-09-30,3.4,42905.04,342
HIST-000372,AST-S_A-0154,SEC-GZB-CNB,S_AND_T,CableMeggering,2025-01-07,3.2,40131.93,245
HIST-000373,AST-ENG-0155,SEC-GZB-CNB,ENGINEERING,TrackTamping,2024-10-03,3.3,73895.01,68
HIST-000374,AST-ENG-0155,SEC-GZB-CNB,ENGINEERING,RailGrinding,2025-11-02,3.9,38745.5,213
HIST-000375,AST-TRA-0156,SEC-BCT-ST,TRACTION,CatenaryRetensioning,2024-07-27,2.6,56195.65,339
HIST-000376,AST-TRA-0156,SEC-BCT-ST,TRACTION,CatenaryRetensioning,2025-10-30,3.4,19290.78,338
HIST-000377,AST-TRA-0156,SEC-BCT-ST,TRACTION,TransformerOilFiltration,2024-08-01,1.8,92456.34,78
HIST-000378,AST-TRA-0156,SEC-BCT-ST,TRACTION,OHE_Inspection,2025-02-23,3.9,50412.82,71
HIST-000379,AST-TRA-0157,SEC-MAS-RU,TRACTION,OHE_Inspection,2025-02-02,4.4,81664.58,249
HIST-000380,AST-TRA-0157,SEC-MAS-RU,TRACTION,CatenaryRetensioning,2025-12-07,2.6,130754.02,139
HIST-000381,AST-TRA-0158,SEC-GZB-CNB,TRACTION,SectionInsulatorAdjust,2025-08-21,1.8,148116.8,324
HIST-000382,AST-ENG-0159,SEC-BCT-ST,ENGINEERING,BallastCleaning,2025-07-29,3.1,95699.61,57
HIST-000383,AST-ENG-0159,SEC-BCT-ST,ENGINEERING,RailGrinding,2025-07-30,3.6,85885.33,260
HIST-000384,AST-ENG-0159,SEC-BCT-ST,ENGINEERING,TrackTamping,2025-02-21,4.3,30531.09,97
HIST-000385,AST-ENG-0159,SEC-BCT-ST,ENGINEERING,TrackTamping,2024-12-05,1.9,17772.67,77
HIST-000386,AST-ENG-0160,SEC-PRYJ-DDU,ENGINEERING,RailGrinding,2025-06-01,3.1,106062.79,249
HIST-000387,AST-ENG-0160,SEC-PRYJ-DDU,ENGINEERING,SwitchOverhaul,2024-12-08,1.9,22740.55,190
HIST-000388,AST-ENG-0160,SEC-PRYJ-DDU,ENGINEERING,JointWelding,2024-12-08,3.2,48177.93,254
HIST-000389,AST-ENG-0161,SEC-DDU-PNBE,ENGINEERING,RailGrinding,2024-08-05,3.4,31255.56,69
HIST-000390,AST-ENG-0161,SEC-DDU-PNBE,ENGINEERING,SwitchOverhaul,2026-01-15,2.8,111943.91,283
HIST-000391,AST-ENG-0161,SEC-DDU-PNBE,ENGINEERING,TrackTamping,2025-12-27,1.9,107121.52,222
HIST-000392,AST-S_A-0162,SEC-CNB-PRYJ,S_AND_T,RelayInterlockingInspection,2025-11-11,3.6,23576.81,68
HIST-000393,AST-S_A-0162,SEC-CNB-PRYJ,S_AND_T,PointMachineOverhaul,2024-04-27,4.0,124307.92,153
HIST-000394,AST-TRA-0163,SEC-NDLS-GZB,TRACTION,ContactWireReplacement,2026-01-22,3.1,119401.89,364
HIST-000395,AST-TRA-0163,SEC-NDLS-GZB,TRACTION,SectionInsulatorAdjust,2025-10-31,1.8,138288.83,276
HIST-000396,AST-TRA-0163,SEC-NDLS-GZB,TRACTION,SectionInsulatorAdjust,2025-07-17,3.0,80438.45,118
HIST-000397,AST-TRA-0163,SEC-NDLS-GZB,TRACTION,CatenaryRetensioning,2025-10-01,3.7,88027.39,155
HIST-000398,AST-S_A-0164,SEC-DDU-PNBE,S_AND_T,RelayInterlockingInspection,2025-02-10,3.6,67924.58,107
HIST-000399,AST-S_A-0165,SEC-DDU-PNBE,S_AND_T,AxleCounterCalibration,2025-09-30,3.0,86284.95,347
HIST-000400,AST-S_A-0165,SEC-DDU-PNBE,S_AND_T,CableMeggering,2025-01-03,2.6,142307.79,121
HIST-000401,AST-S_A-0165,SEC-DDU-PNBE,S_AND_T,CableMeggering,2024-10-22,2.2,21987.02,247
HIST-000402,AST-S_A-0165,SEC-DDU-PNBE,S_AND_T,AxleCounterCalibration,2025-10-21,1.5,24585.34,90
HIST-000403,AST-TRA-0166,SEC-MAS-RU,TRACTION,SectionInsulatorAdjust,2024-05-23,2.0,113887.56,170
HIST-000404,AST-TRA-0166,SEC-MAS-RU,TRACTION,CatenaryRetensioning,2024-05-04,3.9,109596.2,282
HIST-000405,AST-TRA-0166,SEC-MAS-RU,TRACTION,ContactWireReplacement,2024-05-11,2.6,143151.04,187
HIST-000406,AST-TRA-0167,SEC-BCT-ST,TRACTION,SectionInsulatorAdjust,2024-04-13,4.4,46243.98,277
HIST-000407,AST-TRA-0167,SEC-BCT-ST,TRACTION,ContactWireReplacement,2025-06-29,1.6,92114.58,251
HIST-000408,AST-TRA-0167,SEC-BCT-ST,TRACTION,CatenaryRetensioning,2024-11-08,3.3,54878.09,310
HIST-000409,AST-ENG-0168,SEC-DDU-PNBE,ENGINEERING,TrackTamping,2025-09-30,4.2,28623.53,331
HIST-000410,AST-ENG-0168,SEC-DDU-PNBE,ENGINEERING,SwitchOverhaul,2024-07-01,2.8,82589.34,204
HIST-000411,AST-ENG-0168,SEC-DDU-PNBE,ENGINEERING,RailGrinding,2025-08-25,2.9,129712.18,329
HIST-000412,AST-TRA-0169,SEC-PRYJ-DDU,TRACTION,OHE_Inspection,2025-07-13,3.5,130673.03,185
HIST-000413,AST-TRA-0169,SEC-PRYJ-DDU,TRACTION,OHE_Inspection,2024-07-30,1.6,140707.87,181
HIST-000414,AST-TRA-0169,SEC-PRYJ-DDU,TRACTION,ContactWireReplacement,2025-02-02,2.6,117534.52,234
HIST-000415,AST-TRA-0169,SEC-PRYJ-DDU,TRACTION,TransformerOilFiltration,2025-08-07,1.7,114996.01,312
HIST-000416,AST-S_A-0170,SEC-HWH-KGP,S_AND_T,CableMeggering,2024-04-23,4.3,132552.92,363
HIST-000417,AST-S_A-0170,SEC-HWH-KGP,S_AND_T,PointMachineOverhaul,2025-01-29,4.4,140266.04,222
HIST-000418,AST-ENG-0171,SEC-BRC-ADI,ENGINEERING,BallastCleaning,2025-12-12,1.8,94735.6,124
HIST-000419,AST-ENG-0171,SEC-BRC-ADI,ENGINEERING,BallastCleaning,2024-10-18,2.7,92397.04,174
HIST-000420,AST-ENG-0171,SEC-BRC-ADI,ENGINEERING,TrackTamping,2025-08-02,4.4,54137.27,237
HIST-000421,AST-S_A-0172,SEC-ST-BRC,S_AND_T,SignalTesting,2024-06-03,4.1,131533.0,203
HIST-000422,AST-S_A-0173,SEC-GZB-CNB,S_AND_T,SignalTesting,2026-01-25,2.8,40070.06,179
HIST-000423,AST-TRA-0174,SEC-HWH-KGP,TRACTION,OHE_Inspection,2024-11-05,3.1,66676.86,316
HIST-000424,AST-TRA-0174,SEC-HWH-KGP,TRACTION,ContactWireReplacement,2025-03-25,2.0,44738.0,180
HIST-000425,AST-TRA-0174,SEC-HWH-KGP,TRACTION,OHE_Inspection,2025-06-10,1.8,147015.8,46
HIST-000426,AST-TRA-0175,SEC-MAS-RU,TRACTION,ContactWireReplacement,2025-03-01,1.9,116947.17,233
HIST-000427,AST-TRA-0175,SEC-MAS-RU,TRACTION,SectionInsulatorAdjust,2024-05-21,3.3,124786.44,297
HIST-000428,AST-S_A-0176,SEC-BRC-ADI,S_AND_T,SignalTesting,2025-05-05,3.9,15232.83,320
HIST-000429,AST-S_A-0176,SEC-BRC-ADI,S_AND_T,AxleCounterCalibration,2024-11-20,2.3,26641.44,239
HIST-000430,AST-S_A-0176,SEC-BRC-ADI,S_AND_T,SignalTesting,2024-07-13,3.7,148405.94,47
HIST-000431,AST-TRA-0177,SEC-BRC-ADI,TRACTION,OHE_Inspection,2025-03-14,3.3,123634.21,163
HIST-000432,AST-ENG-0178,SEC-BCT-ST,ENGINEERING,RailGrinding,2025-08-23,3.3,141883.78,125
HIST-000433,AST-ENG-0179,SEC-ST-BRC,ENGINEERING,TrackTamping,2025-07-15,4.5,38789.99,165
HIST-000434,AST-ENG-0179,SEC-ST-BRC,ENGINEERING,TrackTamping,2026-01-27,3.3,18276.04,184
HIST-000435,AST-ENG-0179,SEC-ST-BRC,ENGINEERING,RailGrinding,2025-10-02,3.5,83907.41,244
HIST-000436,AST-ENG-0180,SEC-PRYJ-DDU,ENGINEERING,TrackTamping,2025-05-18,3.4,123470.08,229
HIST-000437,AST-ENG-0180,SEC-PRYJ-DDU,ENGINEERING,SwitchOverhaul,2026-01-05,3.5,135721.4,177
HIST-000438,AST-S_A-0181,SEC-BRC-ADI,S_AND_T,SignalTesting,2024-12-12,4.4,135385.21,167
HIST-000439,AST-S_A-0181,SEC-BRC-ADI,S_AND_T,CableMeggering,2025-06-29,3.3,74186.37,51
HIST-000440,AST-S_A-0181,SEC-BRC-ADI,S_AND_T,RelayInterlockingInspection,2024-04-14,3.1,25326.21,280
HIST-000441,AST-S_A-0181,SEC-BRC-ADI,S_AND_T,AxleCounterCalibration,2025-08-20,1.6,114450.41,327
HIST-000442,AST-S_A-0182,SEC-PRYJ-DDU,S_AND_T,CableMeggering,2025-07-19,3.1,48760.98,189
HIST-000443,AST-S_A-0182,SEC-PRYJ-DDU,S_AND_T,RelayInterlockingInspection,2024-04-27,3.6,26483.03,323
HIST-000444,AST-S_A-0182,SEC-PRYJ-DDU,S_AND_T,AxleCounterCalibration,2025-05-25,3.7,88521.45,283
HIST-000445,AST-S_A-0182,SEC-PRYJ-DDU,S_AND_T,RelayInterlockingInspection,2025-03-30,1.8,30958.52,122
HIST-000446,AST-S_A-0183,SEC-CNB-PRYJ,S_AND_T,RelayInterlockingInspection,2024-07-31,3.9,39439.98,286
HIST-000447,AST-S_A-0183,SEC-CNB-PRYJ,S_AND_T,PointMachineOverhaul,2025-02-18,2.2,84785.26,256
HIST-000448,AST-S_A-0183,SEC-CNB-PRYJ,S_AND_T,RelayInterlockingInspection,2025-12-27,2.1,65701.06,169
HIST-000449,AST-ENG-0184,SEC-PRYJ-DDU,ENGINEERING,JointWelding,2024-11-04,2.2,31312.67,137
HIST-000450,AST-TRA-0185,SEC-ST-BRC,TRACTION,OHE_Inspection,2024-07-11,2.1,97108.15,302
HIST-000451,AST-S_A-0186,SEC-BCT-ST,S_AND_T,PointMachineOverhaul,2025-10-16,1.7,69493.93,149
HIST-000452,AST-ENG-0187,SEC-MAS-RU,ENGINEERING,SwitchOverhaul,2025-02-03,3.6,113730.57,127
HIST-000453,AST-ENG-0188,SEC-ST-BRC,ENGINEERING,JointWelding,2025-09-21,3.6,22647.78,57
HIST-000454,AST-TRA-0189,SEC-DDU-PNBE,TRACTION,SectionInsulatorAdjust,2025-06-26,2.4,66510.43,261
HIST-000455,AST-TRA-0189,SEC-DDU-PNBE,TRACTION,SectionInsulatorAdjust,2024-12-05,4.4,38554.94,62
HIST-000456,AST-ENG-0190,SEC-DDU-PNBE,ENGINEERING,SwitchOverhaul,2026-01-13,2.7,134374.2,46
HIST-000457,AST-ENG-0191,SEC-NDLS-GZB,ENGINEERING,JointWelding,2024-07-30,3.1,75580.74,336
HIST-000458,AST-ENG-0191,SEC-NDLS-GZB,ENGINEERING,RailGrinding,2025-10-01,1.6,137785.37,179
HIST-000459,AST-ENG-0191,SEC-NDLS-GZB,ENGINEERING,JointWelding,2025-03-04,3.0,122210.86,190
HIST-000460,AST-ENG-0192,SEC-MAS-RU,ENGINEERING,SwitchOverhaul,2025-09-02,3.6,129689.63,272
HIST-000461,AST-S_A-0193,SEC-HWH-KGP,S_AND_T,AxleCounterCalibration,2026-01-25,2.9,129822.95,99
HIST-000462,AST-S_A-0193,SEC-HWH-KGP,S_AND_T,CableMeggering,2025-02-23,3.3,43638.09,335
HIST-000463,AST-TRA-0194,SEC-BCT-ST,TRACTION,SectionInsulatorAdjust,2024-04-03,2.1,89666.8,359
HIST-000464,AST-TRA-0195,SEC-BCT-ST,TRACTION,ContactWireReplacement,2025-03-13,2.6,19878.95,285
HIST-000465,AST-TRA-0195,SEC-BCT-ST,TRACTION,TransformerOilFiltration,2025-08-13,2.6,36370.35,268
HIST-000466,AST-TRA-0195,SEC-BCT-ST,TRACTION,OHE_Inspection,2025-03-20,1.8,103983.01,123
HIST-000467,AST-TRA-0195,SEC-BCT-ST,TRACTION,ContactWireReplacement,2024-12-16,3.0,35673.48,210
HIST-000468,AST-TRA-0196,SEC-CNB-PRYJ,TRACTION,ContactWireReplacement,2025-03-01,4.3,22833.72,64
HIST-000469,AST-TRA-0196,SEC-CNB-PRYJ,TRACTION,TransformerOilFiltration,2024-05-12,1.5,121130.31,150
HIST-000470,AST-TRA-0196,SEC-CNB-PRYJ,TRACTION,OHE_Inspection,2025-10-11,1.6,125806.29,340
HIST-000471,AST-ENG-0197,SEC-PRYJ-DDU,ENGINEERING,RailGrinding,2024-11-17,2.1,63286.52,124
HIST-000472,AST-ENG-0197,SEC-PRYJ-DDU,ENGINEERING,JointWelding,2025-10-22,4.1,38663.53,134
HIST-000473,AST-S_A-0198,SEC-BCT-ST,S_AND_T,PointMachineOverhaul,2024-05-09,1.9,102270.67,182
HIST-000474,AST-S_A-0198,SEC-BCT-ST,S_AND_T,PointMachineOverhaul,2025-06-13,4.1,116022.92,117
HIST-000475,AST-TRA-0199,SEC-PRYJ-DDU,TRACTION,SectionInsulatorAdjust,2024-08-30,4.2,92589.68,57
HIST-000476,AST-TRA-0199,SEC-PRYJ-DDU,TRACTION,TransformerOilFiltration,2024-09-13,1.5,136184.4,154
HIST-000477,AST-TRA-0199,SEC-PRYJ-DDU,TRACTION,CatenaryRetensioning,2025-01-31,3.5,122553.64,309
HIST-000478,AST-ENG-0200,SEC-BRC-ADI,ENGINEERING,RailGrinding,2024-10-23,2.2,42283.51,339
HIST-000479,AST-ENG-0200,SEC-BRC-ADI,ENGINEERING,SwitchOverhaul,2024-12-28,3.0,95886.76,46
HIST-000480,AST-ENG-0201,SEC-NDLS-GZB,ENGINEERING,BallastCleaning,2026-01-15,3.9,58047.09,312
HIST-000481,AST-ENG-0201,SEC-NDLS-GZB,ENGINEERING,RailGrinding,2024-07-04,3.4,135167.89,79
HIST-000482,AST-ENG-0201,SEC-NDLS-GZB,ENGINEERING,RailGrinding,2025-08-30,2.5,56234.64,170
HIST-000483,AST-TRA-0202,SEC-DDU-PNBE,TRACTION,TransformerOilFiltration,2025-07-19,1.8,135323.77,202
HIST-000484,AST-TRA-0202,SEC-DDU-PNBE,TRACTION,SectionInsulatorAdjust,2025-09-15,3.3,20501.5,215
HIST-000485,AST-TRA-0202,SEC-DDU-PNBE,TRACTION,OHE_Inspection,2025-11-25,4.4,104709.17,268
HIST-000486,AST-ENG-0203,SEC-ST-BRC,ENGINEERING,SwitchOverhaul,2025-09-10,3.0,25151.94,300
HIST-000487,AST-ENG-0204,SEC-DDU-PNBE,ENGINEERING,BallastCleaning,2025-05-05,2.1,133489.81,81
HIST-000488,AST-ENG-0204,SEC-DDU-PNBE,ENGINEERING,TrackTamping,2025-07-19,2.3,118606.53,136
HIST-000489,AST-ENG-0204,SEC-DDU-PNBE,ENGINEERING,SwitchOverhaul,2025-05-21,4.2,45960.79,233
HIST-000490,AST-ENG-0205,SEC-CNB-PRYJ,ENGINEERING,BallastCleaning,2025-07-10,2.4,19786.31,284
HIST-000491,AST-ENG-0205,SEC-CNB-PRYJ,ENGINEERING,SwitchOverhaul,2024-07-31,3.4,89097.17,122
HIST-000492,AST-ENG-0205,SEC-CNB-PRYJ,ENGINEERING,TrackTamping,2024-04-20,4.5,124934.46,309
HIST-000493,AST-ENG-0205,SEC-CNB-PRYJ,ENGINEERING,RailGrinding,2025-03-11,2.9,115519.15,262
HIST-000494,AST-TRA-0206,SEC-BCT-ST,TRACTION,OHE_Inspection,2025-11-01,2.5,77053.46,187
HIST-000495,AST-S_A-0207,SEC-BRC-ADI,S_AND_T,AxleCounterCalibration,2025-04-04,4.4,17091.44,90
HIST-000496,AST-S_A-0207,SEC-BRC-ADI,S_AND_T,SignalTesting,2025-01-17,2.6,98750.81,298
HIST-000497,AST-S_A-0207,SEC-BRC-ADI,S_AND_T,SignalTesting,2025-10-02,3.7,27698.18,215
HIST-000498,AST-S_A-0207,SEC-BRC-ADI,S_AND_T,CableMeggering,2024-06-21,2.5,101726.08,342
HIST-000499,AST-TRA-0208,SEC-CNB-PRYJ,TRACTION,SectionInsulatorAdjust,2025-02-19,4.0,29213.49,298
HIST-000500,AST-TRA-0209,SEC-DDU-PNBE,TRACTION,ContactWireReplacement,2025-04-25,1.5,148116.92,163
HIST-000501,AST-ENG-0210,SEC-DDU-PNBE,ENGINEERING,SwitchOverhaul,2024-04-09,4.4,127323.95,207
HIST-000502,AST-ENG-0210,SEC-DDU-PNBE,ENGINEERING,SwitchOverhaul,2024-08-03,2.5,54384.62,153
HIST-000503,AST-ENG-0210,SEC-DDU-PNBE,ENGINEERING,RailGrinding,2025-03-07,2.6,33900.5,168
HIST-000504,AST-TRA-0211,SEC-GZB-CNB,TRACTION,TransformerOilFiltration,2024-04-27,2.4,37321.84,97
HIST-000505,AST-TRA-0211,SEC-GZB-CNB,TRACTION,ContactWireReplacement,2025-05-25,3.7,111017.1,198
HIST-000506,AST-ENG-0212,SEC-PRYJ-DDU,ENGINEERING,BallastCleaning,2025-09-17,2.4,36213.4,56
HIST-000507,AST-ENG-0212,SEC-PRYJ-DDU,ENGINEERING,RailGrinding,2025-05-31,4.4,39444.64,220
HIST-000508,AST-ENG-0212,SEC-PRYJ-DDU,ENGINEERING,BallastCleaning,2025-07-01,3.0,20930.3,277
HIST-000509,AST-TRA-0213,SEC-BRC-ADI,TRACTION,ContactWireReplacement,2025-10-14,1.8,100737.53,344
HIST-000510,AST-S_A-0214,SEC-NDLS-GZB,S_AND_T,AxleCounterCalibration,2024-08-18,3.7,37935.85,129
HIST-000511,AST-S_A-0214,SEC-NDLS-GZB,S_AND_T,PointMachineOverhaul,2024-05-12,2.4,149518.72,233
HIST-000512,AST-S_A-0214,SEC-NDLS-GZB,S_AND_T,SignalTesting,2025-09-09,4.3,36860.64,86
HIST-000513,AST-ENG-0215,SEC-MAS-RU,ENGINEERING,RailGrinding,2024-06-20,3.2,116430.73,253
HIST-000514,AST-ENG-0215,SEC-MAS-RU,ENGINEERING,SwitchOverhaul,2024-06-19,1.8,149927.92,216
HIST-000515,AST-ENG-0215,SEC-MAS-RU,ENGINEERING,RailGrinding,2024-05-09,3.4,85576.83,331
HIST-000516,AST-ENG-0215,SEC-MAS-RU,ENGINEERING,BallastCleaning,2025-07-02,1.5,82428.38,153
HIST-000517,AST-ENG-0216,SEC-CNB-PRYJ,ENGINEERING,SwitchOverhaul,2025-06-03,2.5,78623.12,273
HIST-000518,AST-ENG-0216,SEC-CNB-PRYJ,ENGINEERING,RailGrinding,2024-11-30,4.4,110234.68,182
HIST-000519,AST-ENG-0216,SEC-CNB-PRYJ,ENGINEERING,TrackTamping,2025-03-08,1.6,108190.53,305
HIST-000520,AST-ENG-0217,SEC-BRC-ADI,ENGINEERING,JointWelding,2024-08-07,2.0,16866.63,330
HIST-000521,AST-ENG-0217,SEC-BRC-ADI,ENGINEERING,SwitchOverhaul,2025-05-15,4.4,134293.27,280
HIST-000522,AST-TRA-0218,SEC-ST-BRC,TRACTION,CatenaryRetensioning,2025-03-12,1.7,92256.77,305
HIST-000523,AST-TRA-0219,SEC-NDLS-GZB,TRACTION,OHE_Inspection,2024-05-21,4.4,44792.49,171
HIST-000524,AST-TRA-0219,SEC-NDLS-GZB,TRACTION,OHE_Inspection,2025-07-15,3.1,137478.33,183
HIST-000525,AST-TRA-0219,SEC-NDLS-GZB,TRACTION,ContactWireReplacement,2025-07-06,2.0,115652.0,301
HIST-000526,AST-S_A-0220,SEC-GZB-CNB,S_AND_T,AxleCounterCalibration,2025-01-22,3.7,111357.08,101
HIST-000527,AST-ENG-0221,SEC-NDLS-GZB,ENGINEERING,JointWelding,2025-02-19,1.9,144229.43,117
HIST-000528,AST-ENG-0221,SEC-NDLS-GZB,ENGINEERING,SwitchOverhaul,2025-11-05,3.9,109091.02,331
HIST-000529,AST-TRA-0222,SEC-BRC-ADI,TRACTION,OHE_Inspection,2024-10-04,3.0,105061.84,296
HIST-000530,AST-TRA-0222,SEC-BRC-ADI,TRACTION,OHE_Inspection,2025-11-22,3.4,132275.28,92
HIST-000531,AST-TRA-0222,SEC-BRC-ADI,TRACTION,SectionInsulatorAdjust,2025-07-11,1.6,146008.44,351
HIST-000532,AST-TRA-0222,SEC-BRC-ADI,TRACTION,ContactWireReplacement,2025-10-29,4.4,119089.45,119
HIST-000533,AST-ENG-0223,SEC-DDU-PNBE,ENGINEERING,JointWelding,2024-05-13,3.5,53414.65,303
HIST-000534,AST-ENG-0223,SEC-DDU-PNBE,ENGINEERING,RailGrinding,2024-09-02,4.3,131184.46,135
HIST-000535,AST-ENG-0224,SEC-BRC-ADI,ENGINEERING,RailGrinding,2025-06-14,2.4,59027.57,186
HIST-000536,AST-ENG-0224,SEC-BRC-ADI,ENGINEERING,BallastCleaning,2024-07-03,2.8,142283.36,48
HIST-000537,AST-ENG-0225,SEC-NDLS-GZB,ENGINEERING,RailGrinding,2025-02-01,2.4,24978.21,189
HIST-000538,AST-ENG-0226,SEC-PRYJ-DDU,ENGINEERING,RailGrinding,2025-09-02,1.9,37074.73,73
HIST-000539,AST-ENG-0226,SEC-PRYJ-DDU,ENGINEERING,RailGrinding,2025-08-28,1.5,143269.42,258
HIST-000540,AST-ENG-0226,SEC-PRYJ-DDU,ENGINEERING,RailGrinding,2025-11-09,4.1,29386.68,167
HIST-000541,AST-TRA-0227,SEC-MAS-RU,TRACTION,SectionInsulatorAdjust,2025-03-12,3.2,43396.39,315
HIST-000542,AST-TRA-0227,SEC-MAS-RU,TRACTION,SectionInsulatorAdjust,2025-07-05,3.5,63895.1,350
HIST-000543,AST-S_A-0228,SEC-PRYJ-DDU,S_AND_T,SignalTesting,2024-06-09,4.0,58410.24,328
HIST-000544,AST-TRA-0229,SEC-BRC-ADI,TRACTION,TransformerOilFiltration,2024-11-07,4.3,16144.92,72
HIST-000545,AST-TRA-0230,SEC-NDLS-GZB,TRACTION,TransformerOilFiltration,2025-04-27,3.5,79273.56,296
HIST-000546,AST-S_A-0231,SEC-NDLS-GZB,S_AND_T,SignalTesting,2025-07-19,2.5,62431.97,73
HIST-000547,AST-S_A-0231,SEC-NDLS-GZB,S_AND_T,PointMachineOverhaul,2025-06-17,3.9,57914.15,201
HIST-000548,AST-S_A-0231,SEC-NDLS-GZB,S_AND_T,RelayInterlockingInspection,2024-06-02,1.9,90697.86,158
HIST-000549,AST-S_A-0231,SEC-NDLS-GZB,S_AND_T,AxleCounterCalibration,2025-05-24,1.8,143717.48,217
HIST-000550,AST-ENG-0232,SEC-MAS-RU,ENGINEERING,BallastCleaning,2024-06-02,4.2,34802.86,309
HIST-000551,AST-ENG-0232,SEC-MAS-RU,ENGINEERING,BallastCleaning,2025-05-06,2.5,134797.1,353
HIST-000552,AST-ENG-0232,SEC-MAS-RU,ENGINEERING,RailGrinding,2025-09-26,3.6,27001.45,115
HIST-000553,AST-ENG-0232,SEC-MAS-RU,ENGINEERING,SwitchOverhaul,2025-02-16,2.3,104226.27,234
HIST-000554,AST-S_A-0233,SEC-PRYJ-DDU,S_AND_T,RelayInterlockingInspection,2025-07-04,2.1,21637.35,164
HIST-000555,AST-S_A-0233,SEC-PRYJ-DDU,S_AND_T,RelayInterlockingInspection,2026-01-01,3.2,62009.41,73
HIST-000556,AST-S_A-0233,SEC-PRYJ-DDU,S_AND_T,PointMachineOverhaul,2025-06-13,2.2,143058.51,262
HIST-000557,AST-S_A-0233,SEC-PRYJ-DDU,S_AND_T,RelayInterlockingInspection,2025-11-12,2.9,15060.69,142
HIST-000558,AST-TRA-0234,SEC-PRYJ-DDU,TRACTION,ContactWireReplacement,2024-05-23,3.5,99896.84,76
HIST-000559,AST-TRA-0234,SEC-PRYJ-DDU,TRACTION,CatenaryRetensioning,2025-12-28,3.5,118867.3,119
HIST-000560,AST-ENG-0235,SEC-NDLS-GZB,ENGINEERING,BallastCleaning,2025-02-25,3.6,91737.61,57
HIST-000561,AST-ENG-0235,SEC-NDLS-GZB,ENGINEERING,BallastCleaning,2025-02-22,2.3,63397.13,110
HIST-000562,AST-TRA-0236,SEC-DDU-PNBE,TRACTION,TransformerOilFiltration,2026-01-24,1.5,91277.08,178
HIST-000563,AST-TRA-0236,SEC-DDU-PNBE,TRACTION,SectionInsulatorAdjust,2025-10-02,3.2,108625.2,210
HIST-000564,AST-TRA-0236,SEC-DDU-PNBE,TRACTION,ContactWireReplacement,2026-01-30,3.6,123391.52,64
HIST-000565,AST-TRA-0236,SEC-DDU-PNBE,TRACTION,SectionInsulatorAdjust,2025-08-11,3.5,110496.66,283
HIST-000566,AST-ENG-0237,SEC-NDLS-GZB,ENGINEERING,SwitchOverhaul,2025-04-06,3.7,24992.66,184
HIST-000567,AST-ENG-0237,SEC-NDLS-GZB,ENGINEERING,TrackTamping,2025-12-19,3.1,117953.57,160
HIST-000568,AST-ENG-0237,SEC-NDLS-GZB,ENGINEERING,RailGrinding,2025-04-22,2.3,120495.52,263
HIST-000569,AST-S_A-0238,SEC-CNB-PRYJ,S_AND_T,CableMeggering,2024-12-10,2.0,63528.93,272
HIST-000570,AST-ENG-0239,SEC-HWH-KGP,ENGINEERING,RailGrinding,2024-04-03,1.5,46793.75,289
HIST-000571,AST-ENG-0239,SEC-HWH-KGP,ENGINEERING,RailGrinding,2025-06-18,3.9,21394.65,145
HIST-000572,AST-S_A-0240,SEC-MAS-RU,S_AND_T,CableMeggering,2025-05-15,4.3,121678.27,57
HIST-000573,AST-S_A-0240,SEC-MAS-RU,S_AND_T,CableMeggering,2025-11-15,4.2,57634.72,178
HIST-000574,AST-S_A-0240,SEC-MAS-RU,S_AND_T,SignalTesting,2024-10-24,4.2,70451.64,143
HIST-000575,AST-S_A-0240,SEC-MAS-RU,S_AND_T,PointMachineOverhaul,2025-04-02,4.2,127959.94,80
HIST-000576,AST-ENG-0241,SEC-ST-BRC,ENGINEERING,TrackTamping,2025-11-14,2.2,55615.8,298
HIST-000577,AST-ENG-0241,SEC-ST-BRC,ENGINEERING,TrackTamping,2025-04-21,2.4,121710.81,196
HIST-000578,AST-ENG-0241,SEC-ST-BRC,ENGINEERING,RailGrinding,2025-01-02,3.6,129988.72,314
HIST-000579,AST-ENG-0241,SEC-ST-BRC,ENGINEERING,RailGrinding,2024-12-22,2.1,33136.74,158
HIST-000580,AST-ENG-0242,SEC-DDU-PNBE,ENGINEERING,TrackTamping,2024-09-19,1.6,147818.33,195
HIST-000581,AST-S_A-0243,SEC-ST-BRC,S_AND_T,PointMachineOverhaul,2024-11-07,2.8,143984.21,315
HIST-000582,AST-S_A-0243,SEC-ST-BRC,S_AND_T,SignalTesting,2024-12-23,2.1,135195.19,105
HIST-000583,AST-S_A-0243,SEC-ST-BRC,S_AND_T,PointMachineOverhaul,2024-06-12,1.9,56204.22,204
HIST-000584,AST-ENG-0244,SEC-CNB-PRYJ,ENGINEERING,BallastCleaning,2024-09-12,2.5,23266.55,315
HIST-000585,AST-ENG-0245,SEC-DDU-PNBE,ENGINEERING,BallastCleaning,2024-11-10,2.8,93718.18,281
HIST-000586,AST-ENG-0245,SEC-DDU-PNBE,ENGINEERING,JointWelding,2024-06-28,2.2,92351.99,173
HIST-000587,AST-ENG-0246,SEC-BRC-ADI,ENGINEERING,BallastCleaning,2024-05-22,4.1,96676.02,88
HIST-000588,AST-ENG-0246,SEC-BRC-ADI,ENGINEERING,BallastCleaning,2025-02-24,3.6,32834.49,84
HIST-000589,AST-ENG-0246,SEC-BRC-ADI,ENGINEERING,TrackTamping,2025-12-23,3.0,92280.11,216
HIST-000590,AST-TRA-0247,SEC-MAS-RU,TRACTION,SectionInsulatorAdjust,2025-08-16,4.0,61762.39,88
HIST-000591,AST-TRA-0247,SEC-MAS-RU,TRACTION,ContactWireReplacement,2025-02-24,2.8,123984.21,356
HIST-000592,AST-TRA-0247,SEC-MAS-RU,TRACTION,TransformerOilFiltration,2024-09-05,2.2,93356.52,156
HIST-000593,AST-TRA-0247,SEC-MAS-RU,TRACTION,TransformerOilFiltration,2025-09-06,2.2,41074.42,45
HIST-000594,AST-ENG-0248,SEC-ST-BRC,ENGINEERING,TrackTamping,2025-05-27,2.7,129100.33,329
HIST-000595,AST-ENG-0248,SEC-ST-BRC,ENGINEERING,BallastCleaning,2024-10-21,1.5,40479.46,253
HIST-000596,AST-TRA-0249,SEC-GZB-CNB,TRACTION,SectionInsulatorAdjust,2025-02-09,4.3,56866.2,130
HIST-000597,AST-TRA-0249,SEC-GZB-CNB,TRACTION,TransformerOilFiltration,2024-10-07,4.4,17453.83,292
HIST-000598,AST-TRA-0249,SEC-GZB-CNB,TRACTION,CatenaryRetensioning,2024-04-08,2.7,128128.97,194
HIST-000599,AST-TRA-0249,SEC-GZB-CNB,TRACTION,OHE_Inspection,2025-01-31,2.6,126843.8,225
HIST-000600,AST-TRA-0250,SEC-NDLS-GZB,TRACTION,ContactWireReplacement,2025-08-07,3.2,115240.35,202
HIST-000601,AST-TRA-0250,SEC-NDLS-GZB,TRACTION,TransformerOilFiltration,2025-08-29,3.5,80514.7,145
HIST-000602,AST-ENG-0251,SEC-MAS-RU,ENGINEERING,SwitchOverhaul,2025-11-07,3.6,126145.47,215
HIST-000603,AST-ENG-0251,SEC-MAS-RU,ENGINEERING,JointWelding,2025-02-02,3.5,25410.94,106
HIST-000604,AST-ENG-0251,SEC-MAS-RU,ENGINEERING,RailGrinding,2024-09-04,3.9,73734.47,53
HIST-000605,AST-S_A-0252,SEC-BCT-ST,S_AND_T,CableMeggering,2025-12-23,2.2,17639.62,220
HIST-000606,AST-S_A-0252,SEC-BCT-ST,S_AND_T,SignalTesting,2025-11-17,3.7,119735.97,123
HIST-000607,AST-TRA-0253,SEC-MAS-RU,TRACTION,ContactWireReplacement,2025-01-17,3.1,17019.27,126
HIST-000608,AST-TRA-0253,SEC-MAS-RU,TRACTION,SectionInsulatorAdjust,2025-03-30,3.3,17942.53,334
HIST-000609,AST-TRA-0253,SEC-MAS-RU,TRACTION,TransformerOilFiltration,2024-08-01,2.4,100775.85,289
HIST-000610,AST-ENG-0254,SEC-NDLS-GZB,ENGINEERING,SwitchOverhaul,2024-12-23,2.1,107232.83,90
HIST-000611,AST-ENG-0254,SEC-NDLS-GZB,ENGINEERING,JointWelding,2024-07-06,3.2,91654.77,260
HIST-000612,AST-ENG-0254,SEC-NDLS-GZB,ENGINEERING,BallastCleaning,2024-11-23,1.7,68528.02,185
HIST-000613,AST-ENG-0254,SEC-NDLS-GZB,ENGINEERING,JointWelding,2024-12-19,3.9,140202.18,345
HIST-000614,AST-S_A-0255,SEC-PRYJ-DDU,S_AND_T,AxleCounterCalibration,2024-11-28,3.3,43339.94,86
HIST-000615,AST-ENG-0256,SEC-MAS-RU,ENGINEERING,SwitchOverhaul,2025-11-27,3.5,102370.32,198
HIST-000616,AST-ENG-0257,SEC-DDU-PNBE,ENGINEERING,BallastCleaning,2024-09-12,1.6,32542.72,263
HIST-000617,AST-ENG-0257,SEC-DDU-PNBE,ENGINEERING,RailGrinding,2025-02-17,4.4,78650.44,144
HIST-000618,AST-ENG-0258,SEC-BCT-ST,ENGINEERING,JointWelding,2025-12-06,3.7,38153.41,50
HIST-000619,AST-ENG-0258,SEC-BCT-ST,ENGINEERING,TrackTamping,2024-11-14,2.8,50648.18,356
HIST-000620,AST-ENG-0258,SEC-BCT-ST,ENGINEERING,BallastCleaning,2024-12-13,1.8,120940.01,200
HIST-000621,AST-TRA-0259,SEC-PRYJ-DDU,TRACTION,CatenaryRetensioning,2025-04-20,1.5,99564.0,240
HIST-000622,AST-TRA-0259,SEC-PRYJ-DDU,TRACTION,ContactWireReplacement,2024-12-07,3.0,55192.28,213
HIST-000623,AST-TRA-0260,SEC-DDU-PNBE,TRACTION,ContactWireReplacement,2025-09-06,4.2,138925.5,348
HIST-000624,AST-TRA-0260,SEC-DDU-PNBE,TRACTION,OHE_Inspection,2025-04-23,2.6,148560.78,142
HIST-000625,AST-TRA-0260,SEC-DDU-PNBE,TRACTION,SectionInsulatorAdjust,2025-07-11,3.1,19848.91,267
HIST-000626,AST-TRA-0260,SEC-DDU-PNBE,TRACTION,CatenaryRetensioning,2024-07-11,1.6,52105.84,71
HIST-000627,AST-ENG-0261,SEC-HWH-KGP,ENGINEERING,SwitchOverhaul,2025-03-18,3.9,41680.34,331
HIST-000628,AST-ENG-0261,SEC-HWH-KGP,ENGINEERING,RailGrinding,2025-11-20,3.8,86157.48,175
HIST-000629,AST-ENG-0261,SEC-HWH-KGP,ENGINEERING,JointWelding,2025-10-06,3.4,146385.47,171
HIST-000630,AST-ENG-0262,SEC-ST-BRC,ENGINEERING,TrackTamping,2024-11-13,3.6,48866.75,50
HIST-000631,AST-ENG-0262,SEC-ST-BRC,ENGINEERING,JointWelding,2025-02-27,2.7,41948.03,146
HIST-000632,AST-ENG-0262,SEC-ST-BRC,ENGINEERING,SwitchOverhaul,2025-03-23,2.2,92390.34,126
HIST-000633,AST-S_A-0263,SEC-ST-BRC,S_AND_T,RelayInterlockingInspection,2024-09-03,2.7,24018.51,312
HIST-000634,AST-S_A-0264,SEC-MAS-RU,S_AND_T,AxleCounterCalibration,2025-03-12,2.1,135979.56,183
HIST-000635,AST-S_A-0264,SEC-MAS-RU,S_AND_T,CableMeggering,2025-10-02,1.7,122425.76,315
HIST-000636,AST-ENG-0265,SEC-BRC-ADI,ENGINEERING,RailGrinding,2024-08-05,3.4,32366.83,130
HIST-000637,AST-ENG-0265,SEC-BRC-ADI,ENGINEERING,RailGrinding,2025-12-15,3.4,49185.05,362
HIST-000638,AST-ENG-0265,SEC-BRC-ADI,ENGINEERING,BallastCleaning,2024-10-21,4.4,74227.88,304
HIST-000639,AST-S_A-0266,SEC-CNB-PRYJ,S_AND_T,CableMeggering,2024-08-25,2.5,108961.22,302
HIST-000640,AST-S_A-0266,SEC-CNB-PRYJ,S_AND_T,AxleCounterCalibration,2024-11-14,2.6,22051.93,291
HIST-000641,AST-S_A-0266,SEC-CNB-PRYJ,S_AND_T,SignalTesting,2024-05-30,3.3,119638.53,210
HIST-000642,AST-S_A-0266,SEC-CNB-PRYJ,S_AND_T,PointMachineOverhaul,2024-09-11,1.8,17333.96,231
HIST-000643,AST-ENG-0267,SEC-MAS-RU,ENGINEERING,TrackTamping,2024-08-24,3.8,36976.44,220
HIST-000644,AST-ENG-0267,SEC-MAS-RU,ENGINEERING,BallastCleaning,2025-11-28,4.3,38165.73,268
HIST-000645,AST-ENG-0267,SEC-MAS-RU,ENGINEERING,RailGrinding,2025-12-20,3.3,143524.12,254
HIST-000646,AST-ENG-0268,SEC-ST-BRC,ENGINEERING,SwitchOverhaul,2024-06-02,1.6,79852.24,284
HIST-000647,AST-ENG-0268,SEC-ST-BRC,ENGINEERING,JointWelding,2025-07-08,2.8,144889.67,332
HIST-000648,AST-TRA-0269,SEC-PRYJ-DDU,TRACTION,OHE_Inspection,2025-11-18,3.0,108908.31,346
HIST-000649,AST-TRA-0269,SEC-PRYJ-DDU,TRACTION,CatenaryRetensioning,2025-12-18,3.7,36204.63,155
HIST-000650,AST-TRA-0269,SEC-PRYJ-DDU,TRACTION,ContactWireReplacement,2024-04-25,3.6,119698.02,67
HIST-000651,AST-S_A-0270,SEC-HWH-KGP,S_AND_T,CableMeggering,2025-05-06,4.3,78914.0,305
HIST-000652,AST-S_A-0270,SEC-HWH-KGP,S_AND_T,CableMeggering,2025-10-15,2.2,128780.88,292
HIST-000653,AST-S_A-0270,SEC-HWH-KGP,S_AND_T,AxleCounterCalibration,2025-07-18,2.7,90111.75,220
HIST-000654,AST-ENG-0271,SEC-ST-BRC,ENGINEERING,JointWelding,2024-11-03,2.1,140301.39,74
HIST-000655,AST-ENG-0271,SEC-ST-BRC,ENGINEERING,TrackTamping,2026-01-10,4.3,68197.05,291
HIST-000656,AST-ENG-0271,SEC-ST-BRC,ENGINEERING,TrackTamping,2025-01-23,3.9,128786.76,188
HIST-000657,AST-ENG-0272,SEC-PRYJ-DDU,ENGINEERING,BallastCleaning,2024-05-07,3.9,40925.8,261
HIST-000658,AST-ENG-0272,SEC-PRYJ-DDU,ENGINEERING,RailGrinding,2024-12-05,2.0,127244.43,182
HIST-000659,AST-TRA-0273,SEC-ST-BRC,TRACTION,ContactWireReplacement,2025-06-27,3.2,84458.85,344
HIST-000660,AST-TRA-0273,SEC-ST-BRC,TRACTION,TransformerOilFiltration,2024-12-08,2.7,125425.45,222
HIST-000661,AST-TRA-0273,SEC-ST-BRC,TRACTION,TransformerOilFiltration,2024-11-03,2.8,50294.03,292
HIST-000662,AST-TRA-0273,SEC-ST-BRC,TRACTION,OHE_Inspection,2024-09-23,3.8,71062.32,175
HIST-000663,AST-ENG-0274,SEC-DDU-PNBE,ENGINEERING,BallastCleaning,2024-09-02,2.8,107326.44,90
HIST-000664,AST-ENG-0274,SEC-DDU-PNBE,ENGINEERING,TrackTamping,2024-12-19,1.9,92425.11,356
HIST-000665,AST-ENG-0274,SEC-DDU-PNBE,ENGINEERING,TrackTamping,2024-12-20,3.9,98202.03,360
HIST-000666,AST-S_A-0275,SEC-ST-BRC,S_AND_T,CableMeggering,2025-05-20,2.9,45751.12,142
HIST-000667,AST-S_A-0275,SEC-ST-BRC,S_AND_T,SignalTesting,2025-03-20,4.2,113679.38,67
HIST-000668,AST-S_A-0276,SEC-ST-BRC,S_AND_T,PointMachineOverhaul,2024-09-08,3.9,73300.1,324
HIST-000669,AST-S_A-0276,SEC-ST-BRC,S_AND_T,SignalTesting,2024-11-10,2.6,141101.44,295
HIST-000670,AST-TRA-0277,SEC-ST-BRC,TRACTION,SectionInsulatorAdjust,2024-04-17,2.1,41250.73,104
HIST-000671,AST-TRA-0277,SEC-ST-BRC,TRACTION,OHE_Inspection,2024-06-20,3.3,66063.98,90
HIST-000672,AST-TRA-0277,SEC-ST-BRC,TRACTION,ContactWireReplacement,2025-09-02,3.5,144541.83,47
HIST-000673,AST-TRA-0277,SEC-ST-BRC,TRACTION,CatenaryRetensioning,2024-08-27,2.8,137534.67,200
HIST-000674,AST-ENG-0278,SEC-BRC-ADI,ENGINEERING,JointWelding,2025-01-08,3.5,47015.77,203
HIST-000675,AST-ENG-0278,SEC-BRC-ADI,ENGINEERING,TrackTamping,2024-09-29,4.1,96980.33,243
HIST-000676,AST-ENG-0278,SEC-BRC-ADI,ENGINEERING,JointWelding,2025-10-12,4.5,100647.19,140
HIST-000677,AST-S_A-0279,SEC-PRYJ-DDU,S_AND_T,AxleCounterCalibration,2024-11-30,4.4,135525.69,68
HIST-000678,AST-ENG-0280,SEC-GZB-CNB,ENGINEERING,JointWelding,2025-01-28,3.6,127505.54,144
HIST-000679,AST-ENG-0280,SEC-GZB-CNB,ENGINEERING,SwitchOverhaul,2024-06-22,4.4,100975.48,105
HIST-000680,AST-ENG-0280,SEC-GZB-CNB,ENGINEERING,JointWelding,2025-06-29,3.9,50821.25,204
HIST-000681,AST-ENG-0280,SEC-GZB-CNB,ENGINEERING,RailGrinding,2026-01-25,3.7,74997.7,115
HIST-000682,AST-S_A-0281,SEC-BRC-ADI,S_AND_T,SignalTesting,2025-02-13,2.5,51193.49,321
HIST-000683,AST-S_A-0281,SEC-BRC-ADI,S_AND_T,SignalTesting,2024-10-20,2.9,79533.97,287
HIST-000684,AST-S_A-0281,SEC-BRC-ADI,S_AND_T,SignalTesting,2024-12-19,3.6,148962.88,114
HIST-000685,AST-S_A-0281,SEC-BRC-ADI,S_AND_T,AxleCounterCalibration,2024-08-27,3.4,54819.17,116
HIST-000686,AST-ENG-0282,SEC-CNB-PRYJ,ENGINEERING,TrackTamping,2026-01-10,1.8,41450.89,102
HIST-000687,AST-ENG-0282,SEC-CNB-PRYJ,ENGINEERING,SwitchOverhaul,2024-11-03,2.4,117200.39,188
HIST-000688,AST-ENG-0282,SEC-CNB-PRYJ,ENGINEERING,TrackTamping,2024-05-05,3.0,116267.17,228
HIST-000689,AST-ENG-0282,SEC-CNB-PRYJ,ENGINEERING,TrackTamping,2024-12-21,2.8,82341.32,191
HIST-000690,AST-TRA-0283,SEC-NDLS-GZB,TRACTION,CatenaryRetensioning,2025-02-17,4.0,109212.85,224
HIST-000691,AST-TRA-0283,SEC-NDLS-GZB,TRACTION,ContactWireReplacement,2025-02-09,4.1,79865.42,309
HIST-000692,AST-TRA-0283,SEC-NDLS-GZB,TRACTION,CatenaryRetensioning,2025-07-17,4.1,83913.4,55
HIST-000693,AST-TRA-0283,SEC-NDLS-GZB,TRACTION,SectionInsulatorAdjust,2025-12-15,3.8,30005.82,116
HIST-000694,AST-TRA-0284,SEC-DDU-PNBE,TRACTION,OHE_Inspection,2025-03-22,4.1,129360.37,238
HIST-000695,AST-TRA-0284,SEC-DDU-PNBE,TRACTION,SectionInsulatorAdjust,2026-01-26,2.7,34203.65,153
HIST-000696,AST-S_A-0285,SEC-DDU-PNBE,S_AND_T,SignalTesting,2024-10-02,3.2,147391.55,288
HIST-000697,AST-S_A-0285,SEC-DDU-PNBE,S_AND_T,AxleCounterCalibration,2025-01-27,3.5,127102.43,251
HIST-000698,AST-S_A-0285,SEC-DDU-PNBE,S_AND_T,AxleCounterCalibration,2024-07-02,3.0,38756.22,154
HIST-000699,AST-ENG-0286,SEC-PRYJ-DDU,ENGINEERING,RailGrinding,2024-10-23,3.0,118485.22,45
HIST-000700,AST-ENG-0286,SEC-PRYJ-DDU,ENGINEERING,RailGrinding,2026-01-19,2.0,52716.75,225
HIST-000701,AST-ENG-0286,SEC-PRYJ-DDU,ENGINEERING,TrackTamping,2024-10-11,2.0,148194.97,257
HIST-000702,AST-TRA-0287,SEC-DDU-PNBE,TRACTION,SectionInsulatorAdjust,2026-01-17,3.3,119895.94,84
HIST-000703,AST-TRA-0287,SEC-DDU-PNBE,TRACTION,TransformerOilFiltration,2024-06-09,1.6,110768.44,211
HIST-000704,AST-TRA-0287,SEC-DDU-PNBE,TRACTION,CatenaryRetensioning,2024-04-27,2.3,77567.85,172
HIST-000705,AST-TRA-0287,SEC-DDU-PNBE,TRACTION,CatenaryRetensioning,2025-06-02,3.7,66084.59,169
HIST-000706,AST-TRA-0288,SEC-ST-BRC,TRACTION,CatenaryRetensioning,2024-05-10,1.6,125504.1,297
HIST-000707,AST-TRA-0288,SEC-ST-BRC,TRACTION,SectionInsulatorAdjust,2024-07-13,3.0,82070.35,146
HIST-000708,AST-TRA-0288,SEC-ST-BRC,TRACTION,SectionInsulatorAdjust,2024-07-20,2.0,57241.34,180
HIST-000709,AST-TRA-0289,SEC-PRYJ-DDU,TRACTION,CatenaryRetensioning,2025-08-06,2.0,102044.28,262
HIST-000710,AST-TRA-0290,SEC-NDLS-GZB,TRACTION,TransformerOilFiltration,2025-03-24,3.0,140523.53,313
HIST-000711,AST-TRA-0290,SEC-NDLS-GZB,TRACTION,CatenaryRetensioning,2025-06-26,2.1,107632.46,168
HIST-000712,AST-TRA-0290,SEC-NDLS-GZB,TRACTION,CatenaryRetensioning,2025-09-09,3.4,54705.89,308
HIST-000713,AST-TRA-0291,SEC-PRYJ-DDU,TRACTION,TransformerOilFiltration,2025-08-17,3.9,122481.82,182
HIST-000714,AST-TRA-0291,SEC-PRYJ-DDU,TRACTION,OHE_Inspection,2025-09-04,2.4,72084.88,323
HIST-000715,AST-TRA-0291,SEC-PRYJ-DDU,TRACTION,SectionInsulatorAdjust,2025-01-03,2.5,134555.6,92
HIST-000716,AST-ENG-0292,SEC-ST-BRC,ENGINEERING,RailGrinding,2025-03-17,3.0,77772.65,283
HIST-000717,AST-S_A-0293,SEC-GZB-CNB,S_AND_T,AxleCounterCalibration,2024-12-10,2.2,148562.77,127
HIST-000718,AST-S_A-0293,SEC-GZB-CNB,S_AND_T,CableMeggering,2025-02-22,3.7,33514.51,67
HIST-000719,AST-S_A-0293,SEC-GZB-CNB,S_AND_T,CableMeggering,2026-01-10,4.3,125199.12,101
HIST-000720,AST-S_A-0293,SEC-GZB-CNB,S_AND_T,AxleCounterCalibration,2024-04-27,4.4,34788.58,163
HIST-000721,AST-ENG-0294,SEC-HWH-KGP,ENGINEERING,TrackTamping,2024-08-22,2.4,141918.23,171
HIST-000722,AST-ENG-0294,SEC-HWH-KGP,ENGINEERING,TrackTamping,2024-06-28,2.2,95258.51,77
HIST-000723,AST-ENG-0294,SEC-HWH-KGP,ENGINEERING,TrackTamping,2025-10-24,3.2,93906.34,52
HIST-000724,AST-S_A-0295,SEC-HWH-KGP,S_AND_T,PointMachineOverhaul,2025-06-14,2.2,141316.31,256
HIST-000725,AST-S_A-0295,SEC-HWH-KGP,S_AND_T,AxleCounterCalibration,2025-05-15,2.4,109859.64,232
HIST-000726,AST-ENG-0296,SEC-NDLS-GZB,ENGINEERING,SwitchOverhaul,2025-11-24,3.7,113100.17,67
HIST-000727,AST-ENG-0296,SEC-NDLS-GZB,ENGINEERING,RailGrinding,2025-11-11,2.6,144230.17,360
HIST-000728,AST-ENG-0296,SEC-NDLS-GZB,ENGINEERING,TrackTamping,2025-11-22,2.8,53083.35,103
HIST-000729,AST-ENG-0297,SEC-NDLS-GZB,ENGINEERING,SwitchOverhaul,2024-11-22,3.1,97511.64,265
HIST-000730,AST-TRA-0298,SEC-GZB-CNB,TRACTION,OHE_Inspection,2025-04-15,1.6,57240.33,288
HIST-000731,AST-TRA-0298,SEC-GZB-CNB,TRACTION,SectionInsulatorAdjust,2025-09-25,2.5,25602.26,347
HIST-000732,AST-TRA-0298,SEC-GZB-CNB,TRACTION,OHE_Inspection,2025-06-13,1.9,112825.23,272
HIST-000733,AST-TRA-0298,SEC-GZB-CNB,TRACTION,SectionInsulatorAdjust,2025-08-15,3.4,47971.6,292
HIST-000734,AST-TRA-0299,SEC-ST-BRC,TRACTION,ContactWireReplacement,2026-01-23,4.2,110397.17,169
HIST-000735,AST-TRA-0299,SEC-ST-BRC,TRACTION,SectionInsulatorAdjust,2025-12-25,3.0,76107.6,300
HIST-000736,AST-TRA-0299,SEC-ST-BRC,TRACTION,TransformerOilFiltration,2025-08-21,3.3,112818.1,210
HIST-000737,AST-TRA-0299,SEC-ST-BRC,TRACTION,ContactWireReplacement,2024-06-09,3.4,107656.25,132
HIST-000738,AST-ENG-0300,SEC-MAS-RU,ENGINEERING,TrackTamping,2024-11-04,2.7,117921.14,202
HIST-000739,AST-ENG-0300,SEC-MAS-RU,ENGINEERING,RailGrinding,2024-07-20,2.1,88686.94,273
HIST-000740,AST-ENG-0300,SEC-MAS-RU,ENGINEERING,RailGrinding,2025-08-04,1.7,108826.42,55
HIST-000741,AST-ENG-0300,SEC-MAS-RU,ENGINEERING,JointWelding,2024-08-30,2.9,34853.25,246
