defect_id,asset_id,section_id,defect_type,severity,detected_date,overdue_days,status,location
DEF-TSK-00001,AST-ENG-0387,SEC-RKMP-BPL,TrackTampingDefect,2,2026-10-12,0,OPEN,KM-RKMP-BPL
DEF-TSK-00002,AST-S_A-0488,SEC-RKMP-BPL,SignalCableRenewalDefect,5,2026-11-09,2,OPEN,KM-RKMP-BPL
DEF-TSK-00003,AST-TRA-0226,SEC-RKMP-BPL,InsulatorReplacementDefect,3,2026-10-06,0,OPEN,KM-RKMP-BPL
DEF-TSK-00004,AST-ENG-0222,SEC-RKMP-BPL,BallastCleaningDefect,5,2026-09-23,2,OPEN,KM-RKMP-BPL
DEF-TSK-00005,AST-S_A-0414,SEC-RKMP-BPL,AxleCounterCalibrationDefect,2,2026-10-29,0,OPEN,KM-RKMP-BPL
DEF-TSK-00006,AST-TRA-0447,SEC-RKMP-BPL,OHEInspectionDefect,3,2026-11-11,0,OPEN,KM-RKMP-BPL
DEF-TSK-00007,AST-ENG-0078,SEC-RKMP-BPL,BallastCleaningDefect,3,2026-11-02,0,OPEN,KM-RKMP-BPL
DEF-TSK-00008,AST-S_A-0186,SEC-RKMP-BPL,AxleCounterCalibrationDefect,5,2026-10-14,2,OPEN,KM-RKMP-BPL
DEF-TSK-00009,AST-TRA-0238,SEC-RKMP-BPL,DropperReplacementDefect,2,2026-09-23,0,OPEN,KM-RKMP-BPL
DEF-TSK-00010,AST-ENG-0351,SEC-RKMP-BPL,SleeperRenewalDefect,4,2026-09-30,0,OPEN,KM-RKMP-BPL
DEF-TSK-00011,AST-S_A-0145,SEC-RKMP-BPL,AxleCounterCalibrationDefect,5,2026-11-02,2,OPEN,KM-RKMP-BPL
DEF-TSK-00012,AST-TRA-0004,SEC-RKMP-BPL,InsulatorReplacementDefect,2,2026-11-12,0,OPEN,KM-RKMP-BPL
DEF-TSK-00013,AST-ENG-0230,SEC-RKMP-BPL,BallastCleaningDefect,5,2026-10-23,2,OPEN,KM-RKMP-BPL
DEF-TSK-00014,AST-S_A-0335,SEC-RKMP-BPL,PointMachineOverhaulDefect,3,2026-10-14,0,OPEN,KM-RKMP-BPL
DEF-TSK-00015,AST-TRA-0277,SEC-RKMP-BPL,DropperReplacementDefect,5,2026-10-22,2,OPEN,KM-RKMP-BPL
DEF-TSK-00016,AST-ENG-0219,SEC-RKMP-BPL,RailGrindingDefect,2,2026-09-22,0,OPEN,KM-RKMP-BPL
DEF-TSK-00017,AST-S_A-0030,SEC-RKMP-BPL,AxleCounterCalibrationDefect,2,2026-09-28,0,OPEN,KM-RKMP-BPL
DEF-TSK-00018,AST-TRA-0392,SEC-RKMP-BPL,DropperReplacementDefect,2,2026-11-01,0,OPEN,KM-RKMP-BPL
DEF-TSK-00019,AST-ENG-0012,SEC-RKMP-BPL,RailGrindingDefect,4,2026-09-11,0,OPEN,KM-RKMP-BPL
DEF-TSK-00020,AST-S_A-0251,SEC-RKMP-BPL,AxleCounterCalibrationDefect,2,2026-09-16,0,OPEN,KM-RKMP-BPL
DEF-TSK-00021,AST-TRA-0151,SEC-RKMP-BPL,ContactWireReplacementDefect,5,2026-10-29,2,OPEN,KM-RKMP-BPL
DEF-TSK-00022,AST-ENG-0060,SEC-RKMP-BPL,RailGrindingDefect,3,2026-11-27,0,OPEN,KM-RKMP-BPL
DEF-TSK-00023,AST-S_A-0485,SEC-RKMP-BPL,AxleCounterCalibrationDefect,4,2026-11-11,0,OPEN,KM-RKMP-BPL
DEF-TSK-00024,AST-TRA-0049,SEC-RKMP-BPL,ContactWireReplacementDefect,4,2026-11-22,0,OPEN,KM-RKMP-BPL
DEF-TSK-00025,AST-ENG-0290,SEC-RKMP-BPL,JointWeldingDefect,3,2026-09-18,0,OPEN,KM-RKMP-BPL
DEF-TSK-00026,AST-S_A-0217,SEC-RKMP-BPL,SignalCableRenewalDefect,3,2026-10-28,0,OPEN,KM-RKMP-BPL
DEF-TSK-00027,AST-TRA-0208,SEC-RKMP-BPL,InsulatorReplacementDefect,3,2026-09-06,0,OPEN,KM-RKMP-BPL
DEF-TSK-00028,AST-ENG-0052,SEC-RKMP-BPL,SleeperRenewalDefect,4,2026-10-25,0,OPEN,KM-RKMP-BPL
DEF-TSK-00029,AST-S_A-0174,SEC-RKMP-BPL,PointMachineOverhaulDefect,3,2026-10-25,0,OPEN,KM-RKMP-BPL
DEF-TSK-00030,AST-TRA-0392,SEC-RKMP-BPL,OHEInspectionDefect,3,2026-09-10,0,OPEN,KM-RKMP-BPL
DEF-TSK-00031,AST-ENG-0286,SEC-RKMP-BPL,TrackTampingDefect,3,2026-10-15,0,OPEN,KM-RKMP-BPL
DEF-TSK-00032,AST-S_A-0220,SEC-RKMP-BPL,AxleCounterCalibrationDefect,3,2026-09-04,0,OPEN,KM-RKMP-BPL
DEF-TSK-00033,AST-TRA-0278,SEC-RKMP-BPL,OHEInspectionDefect,2,2026-09-12,0,OPEN,KM-RKMP-BPL
DEF-TSK-00034,AST-ENG-0364,SEC-RKMP-BPL,SleeperRenewalDefect,4,2026-11-10,0,OPEN,KM-RKMP-BPL
DEF-TSK-00035,AST-S_A-0019,SEC-RKMP-BPL,TurnoutAdjustmentDefect,3,2026-10-22,0,OPEN,KM-RKMP-BPL
DEF-TSK-00036,AST-TRA-0159,SEC-RKMP-BPL,InsulatorReplacementDefect,4,2026-11-26,0,OPEN,KM-RKMP-BPL
DEF-TSK-00037,AST-ENG-0469,SEC-RKMP-BPL,JointWeldingDefect,4,2026-09-17,0,OPEN,KM-RKMP-BPL
DEF-TSK-00038,AST-S_A-0446,SEC-RKMP-BPL,TurnoutAdjustmentDefect,2,2026-11-08,0,OPEN,KM-RKMP-BPL
DEF-TSK-00039,AST-TRA-0158,SEC-RKMP-BPL,OHEInspectionDefect,4,2026-11-10,0,OPEN,KM-RKMP-BPL
DEF-TSK-00040,AST-ENG-0374,SEC-RKMP-BPL,SleeperRenewalDefect,2,2026-09-26,0,OPEN,KM-RKMP-BPL
DEF-TSK-00041,AST-S_A-0416,SEC-RKMP-BPL,TurnoutAdjustmentDefect,4,2026-09-16,0,OPEN,KM-RKMP-BPL
DEF-TSK-00042,AST-TRA-0099,SEC-RKMP-BPL,ContactWireReplacementDefect,3,2026-09-30,0,OPEN,KM-RKMP-BPL
DEF-TSK-00043,AST-ENG-0072,SEC-RKMP-BPL,BallastCleaningDefect,5,2026-09-04,2,OPEN,KM-RKMP-BPL
DEF-TSK-00044,AST-S_A-0339,SEC-RKMP-BPL,TurnoutAdjustmentDefect,4,2026-09-13,0,OPEN,KM-RKMP-BPL
DEF-TSK-00045,AST-TRA-0100,SEC-RKMP-BPL,OHEInspectionDefect,4,2026-11-13,0,OPEN,KM-RKMP-BPL
DEF-TSK-00046,AST-ENG-0062,SEC-RKMP-BPL,BallastCleaningDefect,2,2026-11-24,0,OPEN,KM-RKMP-BPL
DEF-TSK-00047,AST-S_A-0332,SEC-RKMP-BPL,SignalCableRenewalDefect,3,2026-11-27,0,OPEN,KM-RKMP-BPL
DEF-TSK-00048,AST-TRA-0278,SEC-RKMP-BPL,DropperReplacementDefect,5,2026-10-29,2,OPEN,KM-RKMP-BPL
DEF-TSK-00049,AST-ENG-0210,SEC-RKMP-BPL,SleeperRenewalDefect,4,2026-11-27,0,OPEN,KM-RKMP-BPL
DEF-TSK-00050,AST-S_A-0234,SEC-RKMP-BPL,PointMachineOverhaulDefect,5,2026-11-11,2,OPEN,KM-RKMP-BPL
DEF-TSK-00051,AST-TRA-0415,SEC-RKMP-BPL,OHEInspectionDefect,4,2026-11-12,0,OPEN,KM-RKMP-BPL
DEF-TSK-00052,AST-ENG-0434,SEC-RKMP-BPL,JointWeldingDefect,4,2026-10-26,0,OPEN,KM-RKMP-BPL
DEF-TSK-00053,AST-S_A-0326,SEC-RKMP-BPL,TurnoutAdjustmentDefect,2,2026-11-19,0,OPEN,KM-RKMP-BPL
DEF-TSK-00054,AST-TRA-0374,SEC-RKMP-BPL,InsulatorReplacementDefect,5,2026-11-14,2,OPEN,KM-RKMP-BPL
DEF-TSK-00055,AST-ENG-0298,SEC-RKMP-BPL,BallastCleaningDefect,4,2026-09-16,0,OPEN,KM-RKMP-BPL
DEF-TSK-00056,AST-S_A-0461,SEC-RKMP-BPL,AxleCounterCalibrationDefect,5,2026-09-17,2,OPEN,KM-RKMP-BPL
DEF-TSK-00057,AST-TRA-0058,SEC-RKMP-BPL,OHEInspectionDefect,5,2026-09-04,2,OPEN,KM-RKMP-BPL
DEF-TSK-00058,AST-ENG-0027,SEC-RKMP-BPL,JointWeldingDefect,4,2026-10-25,0,OPEN,KM-RKMP-BPL
DEF-TSK-00059,AST-S_A-0253,SEC-RKMP-BPL,AxleCounterCalibrationDefect,5,2026-11-19,2,OPEN,KM-RKMP-BPL
DEF-TSK-00060,AST-TRA-0091,SEC-RKMP-BPL,OHEInspectionDefect,4,2026-09-24,0,OPEN,KM-RKMP-BPL
DEF-TSK-00061,AST-ENG-0025,SEC-RKMP-BPL,RailGrindingDefect,5,2026-10-06,2,OPEN,KM-RKMP-BPL
DEF-TSK-00062,AST-S_A-0417,SEC-RKMP-BPL,TurnoutAdjustmentDefect,5,2026-09-07,2,OPEN,KM-RKMP-BPL
DEF-TSK-00063,AST-TRA-0422,SEC-RKMP-BPL,InsulatorReplacementDefect,3,2026-11-22,0,OPEN,KM-RKMP-BPL
DEF-TSK-00064,AST-ENG-0322,SEC-RKMP-BPL,SleeperRenewalDefect,2,2026-11-11,0,OPEN,KM-RKMP-BPL
DEF-TSK-00065,AST-S_A-0429,SEC-RKMP-BPL,AxleCounterCalibrationDefect,2,2026-10-14,0,OPEN,KM-RKMP-BPL
DEF-TSK-00066,AST-TRA-0070,SEC-RKMP-BPL,ContactWireReplacementDefect,3,2026-10-15,0,OPEN,KM-RKMP-BPL
DEF-TSK-00067,AST-ENG-0184,SEC-RKMP-BPL,BallastCleaningDefect,2,2026-10-02,0,OPEN,KM-RKMP-BPL
DEF-TSK-00068,AST-S_A-0475,SEC-RKMP-BPL,AxleCounterCalibrationDefect,3,2026-11-23,0,OPEN,KM-RKMP-BPL
DEF-TSK-00069,AST-TRA-0425,SEC-RKMP-BPL,InsulatorReplacementDefect,4,2026-10-31,0,OPEN,KM-RKMP-BPL
DEF-TSK-00070,AST-ENG-0145,SEC-RKMP-BPL,TrackTampingDefect,3,2026-11-07,0,OPEN,KM-RKMP-BPL
DEF-TSK-00071,AST-S_A-0067,SEC-RKMP-BPL,AxleCounterCalibrationDefect,3,2026-10-27,0,OPEN,KM-RKMP-BPL
DEF-TSK-00072,AST-TRA-0468,SEC-RKMP-BPL,DropperReplacementDefect,3,2026-09-15,0,OPEN,KM-RKMP-BPL
DEF-TSK-00073,AST-ENG-0392,SEC-RKMP-BPL,BallastCleaningDefect,4,2026-11-12,0,OPEN,KM-RKMP-BPL
DEF-TSK-00074,AST-S_A-0048,SEC-RKMP-BPL,TurnoutAdjustmentDefect,2,2026-10-27,0,OPEN,KM-RKMP-BPL
DEF-TSK-00075,AST-TRA-0233,SEC-RKMP-BPL,OHEInspectionDefect,3,2026-10-19,0,OPEN,KM-RKMP-BPL
DEF-TSK-00076,AST-ENG-0300,SEC-RKMP-BPL,RailGrindingDefect,5,2026-11-24,2,OPEN,KM-RKMP-BPL
DEF-TSK-00077,AST-S_A-0044,SEC-RKMP-BPL,SignalCableRenewalDefect,2,2026-10-31,0,OPEN,KM-RKMP-BPL
DEF-TSK-00078,AST-TRA-0167,SEC-RKMP-BPL,DropperReplacementDefect,4,2026-11-21,0,OPEN,KM-RKMP-BPL
DEF-TSK-00079,AST-ENG-0158,SEC-RKMP-BPL,BallastCleaningDefect,3,2026-09-17,0,OPEN,KM-RKMP-BPL
DEF-TSK-00080,AST-S_A-0192,SEC-RKMP-BPL,SignalCableRenewalDefect,3,2026-11-06,0,OPEN,KM-RKMP-BPL
DEF-TSK-00081,AST-TRA-0240,SEC-RKMP-BPL,DropperReplacementDefect,4,2026-10-06,0,OPEN,KM-RKMP-BPL
DEF-TSK-00082,AST-ENG-0060,SEC-RKMP-BPL,BallastCleaningDefect,5,2026-11-17,2,OPEN,KM-RKMP-BPL
DEF-TSK-00083,AST-S_A-0295,SEC-RKMP-BPL,PointMachineOverhaulDefect,4,2026-11-03,0,OPEN,KM-RKMP-BPL
DEF-TSK-00084,AST-TRA-0148,SEC-RKMP-BPL,OHEInspectionDefect,3,2026-10-13,0,OPEN,KM-RKMP-BPL
DEF-TSK-00085,AST-ENG-0391,SEC-RKMP-BPL,SleeperRenewalDefect,4,2026-09-12,0,OPEN,KM-RKMP-BPL
DEF-TSK-00086,AST-S_A-0419,SEC-RKMP-BPL,AxleCounterCalibrationDefect,2,2026-09-12,0,OPEN,KM-RKMP-BPL
DEF-TSK-00087,AST-TRA-0046,SEC-RKMP-BPL,DropperReplacementDefect,3,2026-11-21,0,OPEN,KM-RKMP-BPL
DEF-TSK-00088,AST-ENG-0389,SEC-RKMP-BPL,JointWeldingDefect,4,2026-09-20,0,OPEN,KM-RKMP-BPL
DEF-TSK-00089,AST-S_A-0003,SEC-RKMP-BPL,TurnoutAdjustmentDefect,4,2026-09-07,0,OPEN,KM-RKMP-BPL
DEF-TSK-00090,AST-TRA-0425,SEC-RKMP-BPL,OHEInspectionDefect,2,2026-09-08,0,OPEN,KM-RKMP-BPL
DEF-TSK-00091,AST-ENG-0350,SEC-RKMP-BPL,JointWeldingDefect,2,2026-11-16,0,OPEN,KM-RKMP-BPL
DEF-TSK-00092,AST-S_A-0253,SEC-RKMP-BPL,SignalCableRenewalDefect,3,2026-11-08,0,OPEN,KM-RKMP-BPL
DEF-TSK-00093,AST-TRA-0368,SEC-RKMP-BPL,InsulatorReplacementDefect,3,2026-09-20,0,OPEN,KM-RKMP-BPL
DEF-TSK-00094,AST-ENG-0306,SEC-RKMP-BPL,SleeperRenewalDefect,5,2026-09-07,2,OPEN,KM-RKMP-BPL
DEF-TSK-00095,AST-S_A-0443,SEC-RKMP-BPL,TurnoutAdjustmentDefect,5,2026-11-05,2,OPEN,KM-RKMP-BPL
DEF-TSK-00096,AST-TRA-0092,SEC-RKMP-BPL,InsulatorReplacementDefect,2,2026-11-29,0,OPEN,KM-RKMP-BPL
DEF-TSK-00097,AST-ENG-0287,SEC-RKMP-BPL,JointWeldingDefect,3,2026-09-15,0,OPEN,KM-RKMP-BPL
DEF-TSK-00098,AST-S_A-0350,SEC-RKMP-BPL,SignalCableRenewalDefect,5,2026-10-30,2,OPEN,KM-RKMP-BPL
DEF-TSK-00099,AST-TRA-0255,SEC-RKMP-BPL,OHEInspectionDefect,5,2026-10-08,2,OPEN,KM-RKMP-BPL
DEF-TSK-00100,AST-ENG-0068,SEC-RKMP-BPL,JointWeldingDefect,4,2026-09-27,0,OPEN,KM-RKMP-BPL
DEF-TSK-00101,AST-S_A-0318,SEC-RKMP-BPL,PointMachineOverhaulDefect,4,2026-10-09,0,OPEN,KM-RKMP-BPL
DEF-TSK-00102,AST-TRA-0159,SEC-RKMP-BPL,DropperReplacementDefect,2,2026-09-06,0,OPEN,KM-RKMP-BPL
DEF-TSK-00103,AST-ENG-0287,SEC-RKMP-BPL,TrackTampingDefect,3,2026-10-23,0,OPEN,KM-RKMP-BPL
DEF-TSK-00104,AST-S_A-0159,SEC-RKMP-BPL,SignalCableRenewalDefect,3,2026-11-12,0,OPEN,KM-RKMP-BPL
DEF-TSK-00105,AST-TRA-0181,SEC-RKMP-BPL,DropperReplacementDefect,2,2026-10-18,0,OPEN,KM-RKMP-BPL
DEF-TSK-00106,AST-ENG-0252,SEC-RKMP-BPL,JointWeldingDefect,3,2026-10-19,0,OPEN,KM-RKMP-BPL
DEF-TSK-00107,AST-S_A-0248,SEC-RKMP-BPL,PointMachineOverhaulDefect,4,2026-09-13,0,OPEN,KM-RKMP-BPL
DEF-TSK-00108,AST-TRA-0141,SEC-RKMP-BPL,ContactWireReplacementDefect,2,2026-10-02,0,OPEN,KM-RKMP-BPL
DEF-TSK-00109,AST-ENG-0008,SEC-RKMP-BPL,JointWeldingDefect,4,2026-11-15,0,OPEN,KM-RKMP-BPL
DEF-TSK-00110,AST-S_A-0301,SEC-RKMP-BPL,TurnoutAdjustmentDefect,2,2026-09-13,0,OPEN,KM-RKMP-BPL
DEF-TSK-00111,AST-TRA-0387,SEC-RKMP-BPL,OHEInspectionDefect,4,2026-09-30,0,OPEN,KM-RKMP-BPL
DEF-TSK-00112,AST-ENG-0321,SEC-RKMP-BPL,JointWeldingDefect,3,2026-09-03,0,OPEN,KM-RKMP-BPL
DEF-TSK-00113,AST-S_A-0083,SEC-RKMP-BPL,SignalCableRenewalDefect,2,2026-11-16,0,OPEN,KM-RKMP-BPL
DEF-TSK-00114,AST-TRA-0496,SEC-RKMP-BPL,InsulatorReplacementDefect,2,2026-09-15,0,OPEN,KM-RKMP-BPL
DEF-TSK-00115,AST-ENG-0378,SEC-RKMP-BPL,JointWeldingDefect,5,2026-10-11,2,OPEN,KM-RKMP-BPL
DEF-TSK-00116,AST-S_A-0091,SEC-RKMP-BPL,PointMachineOverhaulDefect,2,2026-11-22,0,OPEN,KM-RKMP-BPL
DEF-TSK-00117,AST-TRA-0246,SEC-RKMP-BPL,ContactWireReplacementDefect,5,2026-10-25,2,OPEN,KM-RKMP-BPL
DEF-TSK-00118,AST-ENG-0122,SEC-RKMP-BPL,RailGrindingDefect,3,2026-11-17,0,OPEN,KM-RKMP-BPL
DEF-TSK-00119,AST-S_A-0382,SEC-RKMP-BPL,AxleCounterCalibrationDefect,4,2026-09-08,0,OPEN,KM-RKMP-BPL
DEF-TSK-00120,AST-TRA-0423,SEC-RKMP-BPL,InsulatorReplacementDefect,3,2026-10-15,0,OPEN,KM-RKMP-BPL
DEF-TSK-00121,AST-ENG-0455,SEC-RKMP-BPL,BallastCleaningDefect,3,2026-10-25,0,OPEN,KM-RKMP-BPL
DEF-TSK-00122,AST-S_A-0266,SEC-RKMP-BPL,AxleCounterCalibrationDefect,3,2026-09-12,0,OPEN,KM-RKMP-BPL
DEF-TSK-00123,AST-TRA-0089,SEC-RKMP-BPL,OHEInspectionDefect,5,2026-10-03,2,OPEN,KM-RKMP-BPL
DEF-TSK-00124,AST-ENG-0464,SEC-RKMP-BPL,SleeperRenewalDefect,3,2026-10-12,0,OPEN,KM-RKMP-BPL
DEF-TSK-00125,AST-S_A-0140,SEC-RKMP-BPL,PointMachineOverhaulDefect,4,2026-11-04,0,OPEN,KM-RKMP-BPL
DEF-TSK-00126,AST-TRA-0239,SEC-RKMP-BPL,InsulatorReplacementDefect,2,2026-11-09,0,OPEN,KM-RKMP-BPL
DEF-TSK-00127,AST-ENG-0392,SEC-RKMP-BPL,SleeperRenewalDefect,4,2026-11-19,0,OPEN,KM-RKMP-BPL
DEF-TSK-00128,AST-S_A-0277,SEC-RKMP-BPL,SignalCableRenewalDefect,2,2026-10-31,0,OPEN,KM-RKMP-BPL
DEF-TSK-00129,AST-TRA-0367,SEC-RKMP-BPL,InsulatorReplacementDefect,5,2026-11-08,2,OPEN,KM-RKMP-BPL
DEF-TSK-00130,AST-ENG-0021,SEC-RKMP-BPL,RailGrindingDefect,4,2026-11-11,0,OPEN,KM-RKMP-BPL
DEF-TSK-00131,AST-S_A-0489,SEC-RKMP-BPL,PointMachineOverhaulDefect,5,2026-10-09,2,OPEN,KM-RKMP-BPL
DEF-TSK-00132,AST-TRA-0278,SEC-RKMP-BPL,ContactWireReplacementDefect,2,2026-11-13,0,OPEN,KM-RKMP-BPL
DEF-TSK-00133,AST-ENG-0187,SEC-RKMP-BPL,TrackTampingDefect,4,2026-09-07,0,OPEN,KM-RKMP-BPL
DEF-TSK-00134,AST-S_A-0387,SEC-RKMP-BPL,SignalCableRenewalDefect,3,2026-11-19,0,OPEN,KM-RKMP-BPL
DEF-TSK-00135,AST-TRA-0118,SEC-RKMP-BPL,InsulatorReplacementDefect,5,2026-10-28,2,OPEN,KM-RKMP-BPL
DEF-TSK-00136,AST-ENG-0258,SEC-RKMP-BPL,JointWeldingDefect,4,2026-11-02,0,OPEN,KM-RKMP-BPL
DEF-TSK-00137,AST-S_A-0336,SEC-RKMP-BPL,SignalCableRenewalDefect,4,2026-09-24,0,OPEN,KM-RKMP-BPL
DEF-TSK-00138,AST-TRA-0150,SEC-RKMP-BPL,InsulatorReplacementDefect,3,2026-10-25,0,OPEN,KM-RKMP-BPL
DEF-TSK-00139,AST-ENG-0094,SEC-RKMP-BPL,JointWeldingDefect,3,2026-09-10,0,OPEN,KM-RKMP-BPL
DEF-TSK-00140,AST-S_A-0500,SEC-RKMP-BPL,SignalCableRenewalDefect,5,2026-09-29,2,OPEN,KM-RKMP-BPL
DEF-TSK-00141,AST-TRA-0288,SEC-RKMP-BPL,ContactWireReplacementDefect,2,2026-11-30,0,OPEN,KM-RKMP-BPL
DEF-TSK-00142,AST-ENG-0458,SEC-RKMP-BPL,BallastCleaningDefect,2,2026-10-17,0,OPEN,KM-RKMP-BPL
DEF-TSK-00143,AST-S_A-0101,SEC-RKMP-BPL,PointMachineOverhaulDefect,4,2026-09-04,0,OPEN,KM-RKMP-BPL
DEF-TSK-00144,AST-TRA-0211,SEC-RKMP-BPL,OHEInspectionDefect,4,2026-11-27,0,OPEN,KM-RKMP-BPL
DEF-TSK-00145,AST-ENG-0449,SEC-RKMP-BPL,RailGrindingDefect,2,2026-09-23,0,OPEN,KM-RKMP-BPL
DEF-TSK-00146,AST-S_A-0372,SEC-RKMP-BPL,AxleCounterCalibrationDefect,4,2026-10-25,0,OPEN,KM-RKMP-BPL
DEF-TSK-00147,AST-TRA-0162,SEC-RKMP-BPL,OHEInspectionDefect,2,2026-09-16,0,OPEN,KM-RKMP-BPL
DEF-TSK-00148,AST-ENG-0396,SEC-RKMP-BPL,RailGrindingDefect,4,2026-11-11,0,OPEN,KM-RKMP-BPL
DEF-TSK-00149,AST-S_A-0338,SEC-RKMP-BPL,SignalCableRenewalDefect,3,2026-11-14,0,OPEN,KM-RKMP-BPL
DEF-TSK-00150,AST-TRA-0282,SEC-RKMP-BPL,ContactWireReplacementDefect,4,2026-09-12,0,OPEN,KM-RKMP-BPL
DEF-TSK-00151,AST-ENG-0217,SEC-RKMP-BPL,JointWeldingDefect,5,2026-09-06,2,OPEN,KM-RKMP-BPL
DEF-TSK-00152,AST-S_A-0021,SEC-RKMP-BPL,PointMachineOverhaulDefect,2,2026-09-24,0,OPEN,KM-RKMP-BPL
DEF-TSK-00153,AST-TRA-0157,SEC-RKMP-BPL,InsulatorReplacementDefect,4,2026-09-07,0,OPEN,KM-RKMP-BPL
DEF-TSK-00154,AST-ENG-0350,SEC-RKMP-BPL,JointWeldingDefect,2,2026-09-21,0,OPEN,KM-RKMP-BPL
DEF-TSK-00155,AST-S_A-0001,SEC-RKMP-BPL,TurnoutAdjustmentDefect,5,2026-09-12,2,OPEN,KM-RKMP-BPL
DEF-TSK-00156,AST-TRA-0255,SEC-RKMP-BPL,ContactWireReplacementDefect,3,2026-10-16,0,OPEN,KM-RKMP-BPL
DEF-TSK-00157,AST-ENG-0421,SEC-RKMP-BPL,BallastCleaningDefect,4,2026-09-26,0,OPEN,KM-RKMP-BPL
DEF-TSK-00158,AST-S_A-0342,SEC-RKMP-BPL,AxleCounterCalibrationDefect,3,2026-09-23,0,OPEN,KM-RKMP-BPL
DEF-TSK-00159,AST-TRA-0231,SEC-RKMP-BPL,OHEInspectionDefect,5,2026-11-05,2,OPEN,KM-RKMP-BPL
DEF-TSK-00160,AST-ENG-0070,SEC-RKMP-BPL,RailGrindingDefect,5,2026-11-23,2,OPEN,KM-RKMP-BPL
DEF-TSK-00161,AST-S_A-0016,SEC-RKMP-BPL,AxleCounterCalibrationDefect,2,2026-09-12,0,OPEN,KM-RKMP-BPL
DEF-TSK-00162,AST-TRA-0296,SEC-RKMP-BPL,ContactWireReplacementDefect,3,2026-11-17,0,OPEN,KM-RKMP-BPL
DEF-TSK-00163,AST-ENG-0082,SEC-RKMP-BPL,BallastCleaningDefect,2,2026-11-10,0,OPEN,KM-RKMP-BPL
DEF-TSK-00164,AST-S_A-0228,SEC-RKMP-BPL,SignalCableRenewalDefect,4,2026-10-26,0,OPEN,KM-RKMP-BPL
DEF-TSK-00165,AST-TRA-0160,SEC-RKMP-BPL,ContactWireReplacementDefect,3,2026-11-13,0,OPEN,KM-RKMP-BPL
DEF-TSK-00166,AST-ENG-0159,SEC-RKMP-BPL,SleeperRenewalDefect,3,2026-09-09,0,OPEN,KM-RKMP-BPL
DEF-TSK-00167,AST-S_A-0083,SEC-RKMP-BPL,SignalCableRenewalDefect,4,2026-11-06,0,OPEN,KM-RKMP-BPL
DEF-TSK-00168,AST-TRA-0446,SEC-RKMP-BPL,ContactWireReplacementDefect,5,2026-10-25,2,OPEN,KM-RKMP-BPL
DEF-TSK-00169,AST-ENG-0347,SEC-RKMP-BPL,SleeperRenewalDefect,2,2026-09-18,0,OPEN,KM-RKMP-BPL
DEF-TSK-00170,AST-S_A-0009,SEC-RKMP-BPL,AxleCounterCalibrationDefect,5,2026-11-30,2,OPEN,KM-RKMP-BPL
DEF-TSK-00171,AST-TRA-0449,SEC-RKMP-BPL,DropperReplacementDefect,2,2026-11-20,0,OPEN,KM-RKMP-BPL
DEF-TSK-00172,AST-ENG-0026,SEC-RKMP-BPL,SleeperRenewalDefect,4,2026-10-25,0,OPEN,KM-RKMP-BPL
DEF-TSK-00173,AST-S_A-0010,SEC-RKMP-BPL,TurnoutAdjustmentDefect,4,2026-10-26,0,OPEN,KM-RKMP-BPL
DEF-TSK-00174,AST-TRA-0306,SEC-RKMP-BPL,DropperReplacementDefect,3,2026-10-22,0,OPEN,KM-RKMP-BPL
DEF-TSK-00175,AST-ENG-0284,SEC-RKMP-BPL,SleeperRenewalDefect,4,2026-11-09,0,OPEN,KM-RKMP-BPL
DEF-TSK-00176,AST-S_A-0007,SEC-RKMP-BPL,AxleCounterCalibrationDefect,4,2026-11-12,0,OPEN,KM-RKMP-BPL
DEF-TSK-00177,AST-TRA-0445,SEC-RKMP-BPL,InsulatorReplacementDefect,5,2026-10-08,2,OPEN,KM-RKMP-BPL
DEF-TSK-00178,AST-ENG-0481,SEC-RKMP-BPL,RailGrindingDefect,4,2026-09-18,0,OPEN,KM-RKMP-BPL
DEF-TSK-00179,AST-S_A-0107,SEC-RKMP-BPL,TurnoutAdjustmentDefect,3,2026-10-14,0,OPEN,KM-RKMP-BPL
DEF-TSK-00180,AST-TRA-0259,SEC-RKMP-BPL,OHEInspectionDefect,4,2026-11-08,0,OPEN,KM-RKMP-BPL
DEF-TSK-00181,AST-ENG-0053,SEC-RKMP-BPL,BallastCleaningDefect,3,2026-11-22,0,OPEN,KM-RKMP-BPL
DEF-TSK-00182,AST-S_A-0103,SEC-RKMP-BPL,TurnoutAdjustmentDefect,4,2026-11-08,0,OPEN,KM-RKMP-BPL
DEF-TSK-00183,AST-TRA-0360,SEC-RKMP-BPL,InsulatorReplacementDefect,3,2026-11-20,0,OPEN,KM-RKMP-BPL
DEF-TSK-00184,AST-ENG-0291,SEC-RKMP-BPL,BallastCleaningDefect,3,2026-10-09,0,OPEN,KM-RKMP-BPL
DEF-TSK-00185,AST-S_A-0099,SEC-RKMP-BPL,TurnoutAdjustmentDefect,5,2026-10-06,2,OPEN,KM-RKMP-BPL
DEF-TSK-00186,AST-TRA-0082,SEC-RKMP-BPL,OHEInspectionDefect,4,2026-11-02,0,OPEN,KM-RKMP-BPL
DEF-TSK-00187,AST-ENG-0050,SEC-RKMP-BPL,TrackTampingDefect,3,2026-11-09,0,OPEN,KM-RKMP-BPL
DEF-TSK-00188,AST-S_A-0093,SEC-RKMP-BPL,AxleCounterCalibrationDefect,2,2026-10-19,0,OPEN,KM-RKMP-BPL
DEF-TSK-00189,AST-TRA-0241,SEC-RKMP-BPL,ContactWireReplacementDefect,4,2026-11-27,0,OPEN,KM-RKMP-BPL
DEF-TSK-00190,AST-ENG-0127,SEC-RKMP-BPL,RailGrindingDefect,4,2026-09-29,0,OPEN,KM-RKMP-BPL
DEF-TSK-00191,AST-S_A-0493,SEC-RKMP-BPL,TurnoutAdjustmentDefect,5,2026-11-29,2,OPEN,KM-RKMP-BPL
DEF-TSK-00192,AST-TRA-0069,SEC-RKMP-BPL,OHEInspectionDefect,5,2026-09-30,2,OPEN,KM-RKMP-BPL
DEF-TSK-00193,AST-ENG-0423,SEC-RKMP-BPL,JointWeldingDefect,5,2026-10-27,2,OPEN,KM-RKMP-BPL
DEF-TSK-00194,AST-S_A-0127,SEC-RKMP-BPL,TurnoutAdjustmentDefect,3,2026-09-17,0,OPEN,KM-RKMP-BPL
DEF-TSK-00195,AST-TRA-0149,SEC-RKMP-BPL,DropperReplacementDefect,2,2026-10-06,0,OPEN,KM-RKMP-BPL
DEF-TSK-00196,AST-ENG-0104,SEC-RKMP-BPL,TrackTampingDefect,4,2026-11-25,0,OPEN,KM-RKMP-BPL
DEF-TSK-00197,AST-S_A-0133,SEC-RKMP-BPL,PointMachineOverhaulDefect,2,2026-11-17,0,OPEN,KM-RKMP-BPL
DEF-TSK-00198,AST-TRA-0123,SEC-RKMP-BPL,ContactWireReplacementDefect,4,2026-11-05,0,OPEN,KM-RKMP-BPL
DEF-TSK-00199,AST-ENG-0266,SEC-RKMP-BPL,BallastCleaningDefect,5,2026-09-25,2,OPEN,KM-RKMP-BPL
DEF-TSK-00200,AST-S_A-0471,SEC-RKMP-BPL,TurnoutAdjustmentDefect,2,2026-11-21,0,OPEN,KM-RKMP-BPL
DEF-TSK-00201,AST-TRA-0265,SEC-RKMP-BPL,OHEInspectionDefect,5,2026-10-20,2,OPEN,KM-RKMP-BPL
DEF-TSK-00202,AST-ENG-0063,SEC-RKMP-BPL,RailGrindingDefect,2,2026-11-26,0,OPEN,KM-RKMP-BPL
DEF-TSK-00203,AST-S_A-0278,SEC-RKMP-BPL,PointMachineOverhaulDefect,5,2026-09-21,2,OPEN,KM-RKMP-BPL
DEF-TSK-00204,AST-TRA-0060,SEC-RKMP-BPL,OHEInspectionDefect,2,2026-11-23,0,OPEN,KM-RKMP-BPL
DEF-TSK-00205,AST-ENG-0201,SEC-RKMP-BPL,JointWeldingDefect,2,2026-10-20,0,OPEN,KM-RKMP-BPL
DEF-TSK-00206,AST-S_A-0371,SEC-RKMP-BPL,AxleCounterCalibrationDefect,4,2026-10-14,0,OPEN,KM-RKMP-BPL
DEF-TSK-00207,AST-TRA-0026,SEC-RKMP-BPL,DropperReplacementDefect,2,2026-10-03,0,OPEN,KM-RKMP-BPL
DEF-TSK-00208,AST-ENG-0397,SEC-RKMP-BPL,SleeperRenewalDefect,2,2026-09-21,0,OPEN,KM-RKMP-BPL
DEF-TSK-00209,AST-S_A-0002,SEC-RKMP-BPL,AxleCounterCalibrationDefect,5,2026-11-30,2,OPEN,KM-RKMP-BPL
DEF-TSK-00210,AST-TRA-0230,SEC-RKMP-BPL,OHEInspectionDefect,3,2026-09-14,0,OPEN,KM-RKMP-BPL
DEF-TSK-00211,AST-ENG-0461,SEC-RKMP-BPL,TrackTampingDefect,2,2026-10-01,0,OPEN,KM-RKMP-BPL
DEF-TSK-00212,AST-S_A-0300,SEC-RKMP-BPL,SignalCableRenewalDefect,3,2026-10-15,0,OPEN,KM-RKMP-BPL
DEF-TSK-00213,AST-TRA-0340,SEC-RKMP-BPL,ContactWireReplacementDefect,2,2026-11-17,0,OPEN,KM-RKMP-BPL
DEF-TSK-00214,AST-ENG-0375,SEC-RKMP-BPL,SleeperRenewalDefect,2,2026-11-30,0,OPEN,KM-RKMP-BPL
DEF-TSK-00215,AST-S_A-0474,SEC-RKMP-BPL,PointMachineOverhaulDefect,4,2026-10-05,0,OPEN,KM-RKMP-BPL
DEF-TSK-00216,AST-TRA-0360,SEC-RKMP-BPL,ContactWireReplacementDefect,2,2026-10-18,0,OPEN,KM-RKMP-BPL
DEF-TSK-00217,AST-ENG-0172,SEC-RKMP-BPL,BallastCleaningDefect,5,2026-10-09,2,OPEN,KM-RKMP-BPL
DEF-TSK-00218,AST-S_A-0046,SEC-RKMP-BPL,AxleCounterCalibrationDefect,2,2026-11-01,0,OPEN,KM-RKMP-BPL
DEF-TSK-00219,AST-TRA-0164,SEC-RKMP-BPL,InsulatorReplacementDefect,4,2026-09-20,0,OPEN,KM-RKMP-BPL
DEF-TSK-00220,AST-ENG-0334,SEC-RKMP-BPL,JointWeldingDefect,5,2026-09-14,2,OPEN,KM-RKMP-BPL
DEF-TSK-00221,AST-S_A-0142,SEC-RKMP-BPL,PointMachineOverhaulDefect,4,2026-11-02,0,OPEN,KM-RKMP-BPL
DEF-TSK-00222,AST-TRA-0351,SEC-RKMP-BPL,DropperReplacementDefect,2,2026-11-26,0,OPEN,KM-RKMP-BPL
DEF-TSK-00223,AST-ENG-0161,SEC-RKMP-BPL,TrackTampingDefect,3,2026-11-28,0,OPEN,KM-RKMP-BPL
DEF-TSK-00224,AST-S_A-0201,SEC-RKMP-BPL,SignalCableRenewalDefect,2,2026-11-19,0,OPEN,KM-RKMP-BPL
DEF-TSK-00225,AST-TRA-0427,SEC-RKMP-BPL,InsulatorReplacementDefect,3,2026-10-01,0,OPEN,KM-RKMP-BPL
DEF-TSK-00226,AST-ENG-0168,SEC-RKMP-BPL,JointWeldingDefect,2,2026-09-24,0,OPEN,KM-RKMP-BPL
DEF-TSK-00227,AST-S_A-0490,SEC-RKMP-BPL,AxleCounterCalibrationDefect,2,2026-11-08,0,OPEN,KM-RKMP-BPL
DEF-TSK-00228,AST-TRA-0229,SEC-RKMP-BPL,DropperReplacementDefect,2,2026-09-24,0,OPEN,KM-RKMP-BPL
DEF-TSK-00229,AST-ENG-0293,SEC-RKMP-BPL,BallastCleaningDefect,2,2026-10-09,0,OPEN,KM-RKMP-BPL
DEF-TSK-00230,AST-S_A-0084,SEC-RKMP-BPL,SignalCableRenewalDefect,2,2026-09-03,0,OPEN,KM-RKMP-BPL
DEF-TSK-00231,AST-TRA-0070,SEC-RKMP-BPL,ContactWireReplacementDefect,3,2026-11-10,0,OPEN,KM-RKMP-BPL
DEF-TSK-00232,AST-ENG-0097,SEC-RKMP-BPL,RailGrindingDefect,4,2026-09-16,0,OPEN,KM-RKMP-BPL
DEF-TSK-00233,AST-S_A-0491,SEC-RKMP-BPL,PointMachineOverhaulDefect,2,2026-09-09,0,OPEN,KM-RKMP-BPL
DEF-TSK-00234,AST-TRA-0443,SEC-RKMP-BPL,OHEInspectionDefect,3,2026-11-01,0,OPEN,KM-RKMP-BPL
DEF-TSK-00235,AST-ENG-0212,SEC-RKMP-BPL,TrackTampingDefect,4,2026-10-22,0,OPEN,KM-RKMP-BPL
DEF-TSK-00236,AST-S_A-0497,SEC-RKMP-BPL,TurnoutAdjustmentDefect,5,2026-11-30,2,OPEN,KM-RKMP-BPL
DEF-TSK-00237,AST-TRA-0364,SEC-RKMP-BPL,DropperReplacementDefect,2,2026-11-28,0,OPEN,KM-RKMP-BPL
DEF-TSK-00238,AST-ENG-0026,SEC-RKMP-BPL,RailGrindingDefect,4,2026-11-01,0,OPEN,KM-RKMP-BPL
DEF-TSK-00239,AST-S_A-0411,SEC-RKMP-BPL,AxleCounterCalibrationDefect,4,2026-10-10,0,OPEN,KM-RKMP-BPL
DEF-TSK-00240,AST-TRA-0246,SEC-RKMP-BPL,ContactWireReplacementDefect,4,2026-11-21,0,OPEN,KM-RKMP-BPL
DEF-TSK-00241,AST-ENG-0077,SEC-RKMP-BPL,RailGrindingDefect,5,2026-10-20,2,OPEN,KM-RKMP-BPL
DEF-TSK-00242,AST-S_A-0001,SEC-RKMP-BPL,TurnoutAdjustmentDefect,5,2026-10-11,2,OPEN,KM-RKMP-BPL
DEF-TSK-00243,AST-TRA-0327,SEC-RKMP-BPL,OHEInspectionDefect,5,2026-11-15,2,OPEN,KM-RKMP-BPL
DEF-TSK-00244,AST-ENG-0431,SEC-RKMP-BPL,TrackTampingDefect,2,2026-11-15,0,OPEN,KM-RKMP-BPL
DEF-TSK-00245,AST-S_A-0198,SEC-RKMP-BPL,PointMachineOverhaulDefect,2,2026-11-07,0,OPEN,KM-RKMP-BPL
DEF-TSK-00246,AST-TRA-0376,SEC-RKMP-BPL,DropperReplacementDefect,3,2026-10-14,0,OPEN,KM-RKMP-BPL
DEF-TSK-00247,AST-ENG-0376,SEC-RKMP-BPL,SleeperRenewalDefect,5,2026-09-13,2,OPEN,KM-RKMP-BPL
DEF-TSK-00248,AST-S_A-0088,SEC-RKMP-BPL,TurnoutAdjustmentDefect,4,2026-11-15,0,OPEN,KM-RKMP-BPL
DEF-TSK-00249,AST-TRA-0327,SEC-RKMP-BPL,InsulatorReplacementDefect,4,2026-10-12,0,OPEN,KM-RKMP-BPL
DEF-TSK-00250,AST-ENG-0437,SEC-RKMP-BPL,JointWeldingDefect,4,2026-09-20,0,OPEN,KM-RKMP-BPL
DEF-TSK-00251,AST-S_A-0368,SEC-RKMP-BPL,PointMachineOverhaulDefect,3,2026-10-23,0,OPEN,KM-RKMP-BPL
DEF-TSK-00252,AST-TRA-0014,SEC-RKMP-BPL,OHEInspectionDefect,3,2026-09-07,0,OPEN,KM-RKMP-BPL
DEF-TSK-00253,AST-ENG-0210,SEC-RKMP-BPL,RailGrindingDefect,2,2026-11-09,0,OPEN,KM-RKMP-BPL
DEF-TSK-00254,AST-S_A-0136,SEC-RKMP-BPL,AxleCounterCalibrationDefect,3,2026-10-19,0,OPEN,KM-RKMP-BPL
DEF-TSK-00255,AST-TRA-0034,SEC-RKMP-BPL,InsulatorReplacementDefect,4,2026-09-03,0,OPEN,KM-RKMP-BPL
DEF-TSK-00256,AST-ENG-0086,SEC-RKMP-BPL,SleeperRenewalDefect,4,2026-11-21,0,OPEN,KM-RKMP-BPL
DEF-TSK-00257,AST-S_A-0030,SEC-RKMP-BPL,PointMachineOverhaulDefect,5,2026-09-22,2,OPEN,KM-RKMP-BPL
DEF-TSK-00258,AST-TRA-0340,SEC-RKMP-BPL,OHEInspectionDefect,2,2026-09-22,0,OPEN,KM-RKMP-BPL
DEF-TSK-00259,AST-ENG-0089,SEC-RKMP-BPL,BallastCleaningDefect,3,2026-09-14,0,OPEN,KM-RKMP-BPL
DEF-TSK-00260,AST-S_A-0028,SEC-RKMP-BPL,TurnoutAdjustmentDefect,3,2026-10-04,0,OPEN,KM-RKMP-BPL
DEF-TSK-00261,AST-TRA-0445,SEC-RKMP-BPL,InsulatorReplacementDefect,5,2026-11-24,2,OPEN,KM-RKMP-BPL
DEF-TSK-00262,AST-ENG-0058,SEC-RKMP-BPL,TrackTampingDefect,4,2026-10-28,0,OPEN,KM-RKMP-BPL
DEF-TSK-00263,AST-S_A-0410,SEC-RKMP-BPL,TurnoutAdjustmentDefect,5,2026-10-19,2,OPEN,KM-RKMP-BPL
DEF-TSK-00264,AST-TRA-0201,SEC-RKMP-BPL,ContactWireReplacementDefect,4,2026-10-01,0,OPEN,KM-RKMP-BPL
DEF-TSK-00265,AST-ENG-0086,SEC-RKMP-BPL,JointWeldingDefect,2,2026-11-29,0,OPEN,KM-RKMP-BPL
DEF-TSK-00266,AST-S_A-0191,SEC-RKMP-BPL,AxleCounterCalibrationDefect,5,2026-10-08,2,OPEN,KM-RKMP-BPL
DEF-TSK-00267,AST-TRA-0161,SEC-RKMP-BPL,DropperReplacementDefect,2,2026-09-20,0,OPEN,KM-RKMP-BPL
DEF-TSK-00268,AST-ENG-0180,SEC-RKMP-BPL,BallastCleaningDefect,3,2026-10-09,0,OPEN,KM-RKMP-BPL
DEF-TSK-00269,AST-S_A-0467,SEC-RKMP-BPL,AxleCounterCalibrationDefect,4,2026-10-07,0,OPEN,KM-RKMP-BPL
DEF-TSK-00270,AST-TRA-0231,SEC-RKMP-BPL,OHEInspectionDefect,4,2026-10-31,0,OPEN,KM-RKMP-BPL
DEF-TSK-00271,AST-ENG-0190,SEC-RKMP-BPL,TrackTampingDefect,4,2026-09-11,0,OPEN,KM-RKMP-BPL
DEF-TSK-00272,AST-S_A-0108,SEC-RKMP-BPL,AxleCounterCalibrationDefect,3,2026-10-23,0,OPEN,KM-RKMP-BPL
DEF-TSK-00273,AST-TRA-0464,SEC-RKMP-BPL,InsulatorReplacementDefect,5,2026-10-26,2,OPEN,KM-RKMP-BPL
DEF-TSK-00274,AST-ENG-0473,SEC-RKMP-BPL,SleeperRenewalDefect,4,2026-10-07,0,OPEN,KM-RKMP-BPL
DEF-TSK-00275,AST-S_A-0020,SEC-RKMP-BPL,SignalCableRenewalDefect,5,2026-11-02,2,OPEN,KM-RKMP-BPL
DEF-TSK-00276,AST-TRA-0372,SEC-RKMP-BPL,OHEInspectionDefect,3,2026-11-17,0,OPEN,KM-RKMP-BPL
DEF-TSK-00277,AST-ENG-0394,SEC-RKMP-BPL,BallastCleaningDefect,4,2026-10-02,0,OPEN,KM-RKMP-BPL
DEF-TSK-00278,AST-S_A-0136,SEC-RKMP-BPL,TurnoutAdjustmentDefect,2,2026-09-17,0,OPEN,KM-RKMP-BPL
DEF-TSK-00279,AST-TRA-0483,SEC-RKMP-BPL,ContactWireReplacementDefect,5,2026-11-27,2,OPEN,KM-RKMP-BPL
DEF-TSK-00280,AST-ENG-0298,SEC-RKMP-BPL,JointWeldingDefect,5,2026-11-20,2,OPEN,KM-RKMP-BPL
DEF-TSK-00281,AST-S_A-0406,SEC-RKMP-BPL,PointMachineOverhaulDefect,4,2026-10-15,0,OPEN,KM-RKMP-BPL
DEF-TSK-00282,AST-TRA-0213,SEC-RKMP-BPL,InsulatorReplacementDefect,5,2026-10-05,2,OPEN,KM-RKMP-BPL
DEF-TSK-00283,AST-ENG-0398,SEC-RKMP-BPL,JointWeldingDefect,4,2026-11-16,0,OPEN,KM-RKMP-BPL
DEF-TSK-00284,AST-S_A-0012,SEC-RKMP-BPL,TurnoutAdjustmentDefect,3,2026-10-19,0,OPEN,KM-RKMP-BPL
DEF-TSK-00285,AST-TRA-0335,SEC-RKMP-BPL,DropperReplacementDefect,5,2026-10-06,2,OPEN,KM-RKMP-BPL
DEF-TSK-00286,AST-ENG-0231,SEC-RKMP-BPL,BallastCleaningDefect,5,2026-10-19,2,OPEN,KM-RKMP-BPL
DEF-TSK-00287,AST-S_A-0095,SEC-RKMP-BPL,SignalCableRenewalDefect,2,2026-10-03,0,OPEN,KM-RKMP-BPL
DEF-TSK-00288,AST-TRA-0405,SEC-RKMP-BPL,ContactWireReplacementDefect,4,2026-11-28,0,OPEN,KM-RKMP-BPL
DEF-TSK-00289,AST-ENG-0318,SEC-RKMP-BPL,JointWeldingDefect,5,2026-10-11,2,OPEN,KM-RKMP-BPL
DEF-TSK-00290,AST-S_A-0268,SEC-RKMP-BPL,TurnoutAdjustmentDefect,5,2026-11-30,2,OPEN,KM-RKMP-BPL
DEF-TSK-00291,AST-TRA-0353,SEC-RKMP-BPL,ContactWireReplacementDefect,5,2026-09-29,2,OPEN,KM-RKMP-BPL
DEF-TSK-00292,AST-ENG-0468,SEC-RKMP-BPL,RailGrindingDefect,5,2026-11-16,2,OPEN,KM-RKMP-BPL
DEF-TSK-00293,AST-S_A-0418,SEC-RKMP-BPL,TurnoutAdjustmentDefect,4,2026-09-16,0,OPEN,KM-RKMP-BPL
DEF-TSK-00294,AST-TRA-0199,SEC-RKMP-BPL,DropperReplacementDefect,2,2026-10-12,0,OPEN,KM-RKMP-BPL
DEF-TSK-00295,AST-ENG-0095,SEC-RKMP-BPL,SleeperRenewalDefect,5,2026-09-28,2,OPEN,KM-RKMP-BPL
DEF-TSK-00296,AST-S_A-0434,SEC-RKMP-BPL,SignalCableRenewalDefect,3,2026-11-04,0,OPEN,KM-RKMP-BPL
DEF-TSK-00297,AST-TRA-0472,SEC-RKMP-BPL,OHEInspectionDefect,3,2026-09-14,0,OPEN,KM-RKMP-BPL
DEF-TSK-00298,AST-ENG-0450,SEC-RKMP-BPL,JointWeldingDefect,3,2026-11-28,0,OPEN,KM-RKMP-BPL
DEF-TSK-00299,AST-S_A-0194,SEC-RKMP-BPL,AxleCounterCalibrationDefect,5,2026-10-05,2,OPEN,KM-RKMP-BPL
DEF-TSK-00300,AST-TRA-0039,SEC-RKMP-BPL,DropperReplacementDefect,4,2026-11-11,0,OPEN,KM-RKMP-BPL
DEF-TSK-00301,AST-ENG-0018,SEC-RKMP-BPL,TrackTampingDefect,4,2026-09-17,0,OPEN,KM-RKMP-BPL
DEF-TSK-00302,AST-S_A-0258,SEC-RKMP-BPL,PointMachineOverhaulDefect,3,2026-11-25,0,OPEN,KM-RKMP-BPL
DEF-TSK-00303,AST-TRA-0077,SEC-RKMP-BPL,OHEInspectionDefect,3,2026-09-08,0,OPEN,KM-RKMP-BPL
DEF-TSK-00304,AST-ENG-0269,SEC-RKMP-BPL,RailGrindingDefect,4,2026-10-28,0,OPEN,KM-RKMP-BPL
DEF-TSK-00305,AST-S_A-0433,SEC-RKMP-BPL,SignalCableRenewalDefect,5,2026-11-26,2,OPEN,KM-RKMP-BPL
DEF-TSK-00306,AST-TRA-0113,SEC-RKMP-BPL,OHEInspectionDefect,2,2026-10-11,0,OPEN,KM-RKMP-BPL
DEF-TSK-00307,AST-ENG-0271,SEC-RKMP-BPL,TrackTampingDefect,2,2026-09-19,0,OPEN,KM-RKMP-BPL
DEF-TSK-00308,AST-S_A-0218,SEC-RKMP-BPL,TurnoutAdjustmentDefect,5,2026-09-23,2,OPEN,KM-RKMP-BPL
DEF-TSK-00309,AST-TRA-0469,SEC-RKMP-BPL,DropperReplacementDefect,3,2026-09-19,0,OPEN,KM-RKMP-BPL
DEF-TSK-00310,AST-ENG-0255,SEC-RKMP-BPL,TrackTampingDefect,3,2026-10-11,0,OPEN,KM-RKMP-BPL
DEF-TSK-00311,AST-S_A-0211,SEC-RKMP-BPL,AxleCounterCalibrationDefect,4,2026-09-08,0,OPEN,KM-RKMP-BPL
DEF-TSK-00312,AST-TRA-0026,SEC-RKMP-BPL,DropperReplacementDefect,2,2026-11-29,0,OPEN,KM-RKMP-BPL
DEF-TSK-00313,AST-ENG-0031,SEC-RKMP-BPL,SleeperRenewalDefect,4,2026-11-15,0,OPEN,KM-RKMP-BPL
DEF-TSK-00314,AST-S_A-0319,SEC-RKMP-BPL,PointMachineOverhaulDefect,3,2026-11-18,0,OPEN,KM-RKMP-BPL
DEF-TSK-00315,AST-TRA-0336,SEC-RKMP-BPL,InsulatorReplacementDefect,3,2026-11-27,0,OPEN,KM-RKMP-BPL
DEF-TSK-00316,AST-ENG-0253,SEC-RKMP-BPL,RailGrindingDefect,3,2026-11-07,0,OPEN,KM-RKMP-BPL
DEF-TSK-00317,AST-S_A-0066,SEC-RKMP-BPL,PointMachineOverhaulDefect,2,2026-09-20,0,OPEN,KM-RKMP-BPL
DEF-TSK-00318,AST-TRA-0137,SEC-RKMP-BPL,DropperReplacementDefect,5,2026-09-12,2,OPEN,KM-RKMP-BPL
DEF-TSK-00319,AST-ENG-0099,SEC-RKMP-BPL,RailGrindingDefect,4,2026-09-28,0,OPEN,KM-RKMP-BPL
DEF-TSK-00320,AST-S_A-0355,SEC-RKMP-BPL,TurnoutAdjustmentDefect,4,2026-09-18,0,OPEN,KM-RKMP-BPL
DEF-TSK-00321,AST-TRA-0137,SEC-RKMP-BPL,OHEInspectionDefect,4,2026-09-30,0,OPEN,KM-RKMP-BPL
DEF-TSK-00322,AST-ENG-0035,SEC-RKMP-BPL,TrackTampingDefect,2,2026-10-15,0,OPEN,KM-RKMP-BPL
DEF-TSK-00323,AST-S_A-0225,SEC-RKMP-BPL,TurnoutAdjustmentDefect,2,2026-11-15,0,OPEN,KM-RKMP-BPL
DEF-TSK-00324,AST-TRA-0234,SEC-RKMP-BPL,ContactWireReplacementDefect,2,2026-10-07,0,OPEN,KM-RKMP-BPL
DEF-TSK-00325,AST-ENG-0137,SEC-RKMP-BPL,TrackTampingDefect,4,2026-09-14,0,OPEN,KM-RKMP-BPL
DEF-TSK-00326,AST-S_A-0118,SEC-RKMP-BPL,AxleCounterCalibrationDefect,3,2026-11-09,0,OPEN,KM-RKMP-BPL
DEF-TSK-00327,AST-TRA-0434,SEC-RKMP-BPL,ContactWireReplacementDefect,4,2026-11-30,0,OPEN,KM-RKMP-BPL
DEF-TSK-00328,AST-ENG-0396,SEC-RKMP-BPL,BallastCleaningDefect,5,2026-10-14,2,OPEN,KM-RKMP-BPL
DEF-TSK-00329,AST-S_A-0239,SEC-RKMP-BPL,SignalCableRenewalDefect,4,2026-10-16,0,OPEN,KM-RKMP-BPL
DEF-TSK-00330,AST-TRA-0419,SEC-RKMP-BPL,DropperReplacementDefect,2,2026-09-12,0,OPEN,KM-RKMP-BPL
DEF-TSK-00331,AST-ENG-0498,SEC-RKMP-BPL,SleeperRenewalDefect,2,2026-11-19,0,OPEN,KM-RKMP-BPL
DEF-TSK-00332,AST-S_A-0135,SEC-RKMP-BPL,SignalCableRenewalDefect,4,2026-10-26,0,OPEN,KM-RKMP-BPL
DEF-TSK-00333,AST-TRA-0149,SEC-RKMP-BPL,DropperReplacementDefect,5,2026-09-18,2,OPEN,KM-RKMP-BPL
DEF-TSK-00334,AST-ENG-0475,SEC-RKMP-BPL,SleeperRenewalDefect,4,2026-10-08,0,OPEN,KM-RKMP-BPL
DEF-TSK-00335,AST-S_A-0088,SEC-RKMP-BPL,SignalCableRenewalDefect,4,2026-11-14,0,OPEN,KM-RKMP-BPL
DEF-TSK-00336,AST-TRA-0339,SEC-RKMP-BPL,OHEInspectionDefect,3,2026-11-14,0,OPEN,KM-RKMP-BPL
DEF-TSK-00337,AST-ENG-0133,SEC-RKMP-BPL,BallastCleaningDefect,4,2026-10-11,0,OPEN,KM-RKMP-BPL
DEF-TSK-00338,AST-S_A-0386,SEC-RKMP-BPL,SignalCableRenewalDefect,4,2026-10-06,0,OPEN,KM-RKMP-BPL
DEF-TSK-00339,AST-TRA-0286,SEC-RKMP-BPL,DropperReplacementDefect,4,2026-11-30,0,OPEN,KM-RKMP-BPL
DEF-TSK-00340,AST-ENG-0405,SEC-RKMP-BPL,SleeperRenewalDefect,2,2026-09-10,0,OPEN,KM-RKMP-BPL
DEF-TSK-00341,AST-S_A-0095,SEC-RKMP-BPL,TurnoutAdjustmentDefect,4,2026-09-20,0,OPEN,KM-RKMP-BPL
DEF-TSK-00342,AST-TRA-0322,SEC-RKMP-BPL,DropperReplacementDefect,3,2026-11-03,0,OPEN,KM-RKMP-BPL
DEF-TSK-00343,AST-ENG-0462,SEC-RKMP-BPL,RailGrindingDefect,4,2026-09-24,0,OPEN,KM-RKMP-BPL
DEF-TSK-00344,AST-S_A-0235,SEC-RKMP-BPL,PointMachineOverhaulDefect,2,2026-09-20,0,OPEN,KM-RKMP-BPL
DEF-TSK-00345,AST-TRA-0399,SEC-RKMP-BPL,ContactWireReplacementDefect,3,2026-11-22,0,OPEN,KM-RKMP-BPL
DEF-TSK-00346,AST-ENG-0128,SEC-RKMP-BPL,TrackTampingDefect,4,2026-09-15,0,OPEN,KM-RKMP-BPL
DEF-TSK-00347,AST-S_A-0424,SEC-RKMP-BPL,PointMachineOverhaulDefect,5,2026-10-08,2,OPEN,KM-RKMP-BPL
DEF-TSK-00348,AST-TRA-0320,SEC-RKMP-BPL,InsulatorReplacementDefect,3,2026-11-11,0,OPEN,KM-RKMP-BPL
DEF-TSK-00349,AST-ENG-0425,SEC-RKMP-BPL,RailGrindingDefect,3,2026-09-23,0,OPEN,KM-RKMP-BPL
DEF-TSK-00350,AST-S_A-0310,SEC-RKMP-BPL,TurnoutAdjustmentDefect,2,2026-11-09,0,OPEN,KM-RKMP-BPL
DEF-TSK-00351,AST-TRA-0365,SEC-RKMP-BPL,ContactWireReplacementDefect,4,2026-10-12,0,OPEN,KM-RKMP-BPL
DEF-TSK-00352,AST-ENG-0411,SEC-RKMP-BPL,TrackTampingDefect,5,2026-11-08,2,OPEN,KM-RKMP-BPL
DEF-TSK-00353,AST-S_A-0120,SEC-RKMP-BPL,AxleCounterCalibrationDefect,4,2026-10-17,0,OPEN,KM-RKMP-BPL
DEF-TSK-00354,AST-TRA-0394,SEC-RKMP-BPL,InsulatorReplacementDefect,2,2026-11-23,0,OPEN,KM-RKMP-BPL
DEF-TSK-00355,AST-ENG-0262,SEC-RKMP-BPL,RailGrindingDefect,2,2026-09-19,0,OPEN,KM-RKMP-BPL
DEF-TSK-00356,AST-S_A-0459,SEC-RKMP-BPL,AxleCounterCalibrationDefect,3,2026-11-29,0,OPEN,KM-RKMP-BPL
DEF-TSK-00357,AST-TRA-0494,SEC-RKMP-BPL,ContactWireReplacementDefect,2,2026-09-11,0,OPEN,KM-RKMP-BPL
DEF-TSK-00358,AST-ENG-0394,SEC-RKMP-BPL,BallastCleaningDefect,4,2026-10-07,0,OPEN,KM-RKMP-BPL
DEF-TSK-00359,AST-S_A-0386,SEC-RKMP-BPL,TurnoutAdjustmentDefect,4,2026-10-02,0,OPEN,KM-RKMP-BPL
DEF-TSK-00360,AST-TRA-0013,SEC-RKMP-BPL,InsulatorReplacementDefect,3,2026-09-22,0,OPEN,KM-RKMP-BPL
DEF-TSK-00361,AST-ENG-0028,SEC-RKMP-BPL,BallastCleaningDefect,5,2026-10-03,2,OPEN,KM-RKMP-BPL
DEF-TSK-00362,AST-S_A-0199,SEC-RKMP-BPL,AxleCounterCalibrationDefect,3,2026-11-26,0,OPEN,KM-RKMP-BPL
DEF-TSK-00363,AST-TRA-0434,SEC-RKMP-BPL,DropperReplacementDefect,3,2026-11-08,0,OPEN,KM-RKMP-BPL
DEF-TSK-00364,AST-ENG-0390,SEC-RKMP-BPL,BallastCleaningDefect,5,2026-09-24,2,OPEN,KM-RKMP-BPL
DEF-TSK-00365,AST-S_A-0480,SEC-RKMP-BPL,PointMachineOverhaulDefect,4,2026-11-05,0,OPEN,KM-RKMP-BPL
DEF-TSK-00366,AST-TRA-0239,SEC-RKMP-BPL,ContactWireReplacementDefect,2,2026-10-13,0,OPEN,KM-RKMP-BPL
DEF-TSK-00367,AST-ENG-0406,SEC-RKMP-BPL,JointWeldingDefect,5,2026-10-04,2,OPEN,KM-RKMP-BPL
DEF-TSK-00368,AST-S_A-0487,SEC-RKMP-BPL,PointMachineOverhaulDefect,4,2026-11-22,0,OPEN,KM-RKMP-BPL
DEF-TSK-00369,AST-TRA-0106,SEC-RKMP-BPL,OHEInspectionDefect,5,2026-09-11,2,OPEN,KM-RKMP-BPL
DEF-TSK-00370,AST-ENG-0495,SEC-RKMP-BPL,TrackTampingDefect,4,2026-09-09,0,OPEN,KM-RKMP-BPL
DEF-TSK-00371,AST-S_A-0388,SEC-RKMP-BPL,TurnoutAdjustmentDefect,3,2026-10-29,0,OPEN,KM-RKMP-BPL
DEF-TSK-00372,AST-TRA-0357,SEC-RKMP-BPL,InsulatorReplacementDefect,2,2026-10-12,0,OPEN,KM-RKMP-BPL
DEF-TSK-00373,AST-ENG-0399,SEC-RKMP-BPL,BallastCleaningDefect,4,2026-09-26,0,OPEN,KM-RKMP-BPL
DEF-TSK-00374,AST-S_A-0166,SEC-RKMP-BPL,SignalCableRenewalDefect,5,2026-11-03,2,OPEN,KM-RKMP-BPL
DEF-TSK-00375,AST-TRA-0383,SEC-RKMP-BPL,InsulatorReplacementDefect,3,2026-09-30,0,OPEN,KM-RKMP-BPL
DEF-TSK-00376,AST-ENG-0148,SEC-RKMP-BPL,TrackTampingDefect,2,2026-10-23,0,OPEN,KM-RKMP-BPL
DEF-TSK-00377,AST-S_A-0306,SEC-RKMP-BPL,PointMachineOverhaulDefect,3,2026-10-28,0,OPEN,KM-RKMP-BPL
DEF-TSK-00378,AST-TRA-0342,SEC-RKMP-BPL,DropperReplacementDefect,3,2026-09-09,0,OPEN,KM-RKMP-BPL
DEF-TSK-00379,AST-ENG-0112,SEC-RKMP-BPL,JointWeldingDefect,4,2026-10-12,0,OPEN,KM-RKMP-BPL
DEF-TSK-00380,AST-S_A-0273,SEC-RKMP-BPL,PointMachineOverhaulDefect,2,2026-11-09,0,OPEN,KM-RKMP-BPL
DEF-TSK-00381,AST-TRA-0464,SEC-RKMP-BPL,DropperReplacementDefect,4,2026-10-16,0,OPEN,KM-RKMP-BPL
DEF-TSK-00382,AST-ENG-0036,SEC-RKMP-BPL,TrackTampingDefect,3,2026-10-18,0,OPEN,KM-RKMP-BPL
DEF-TSK-00383,AST-S_A-0235,SEC-RKMP-BPL,SignalCableRenewalDefect,5,2026-11-27,2,OPEN,KM-RKMP-BPL
DEF-TSK-00384,AST-TRA-0109,SEC-RKMP-BPL,OHEInspectionDefect,3,2026-09-11,0,OPEN,KM-RKMP-BPL
DEF-TSK-00385,AST-ENG-0367,SEC-RKMP-BPL,BallastCleaningDefect,5,2026-09-05,2,OPEN,KM-RKMP-BPL
DEF-TSK-00386,AST-S_A-0471,SEC-RKMP-BPL,TurnoutAdjustmentDefect,3,2026-09-17,0,OPEN,KM-RKMP-BPL
DEF-TSK-00387,AST-TRA-0207,SEC-RKMP-BPL,OHEInspectionDefect,4,2026-11-09,0,OPEN,KM-RKMP-BPL
DEF-TSK-00388,AST-ENG-0379,SEC-RKMP-BPL,TrackTampingDefect,4,2026-11-17,0,OPEN,KM-RKMP-BPL
DEF-TSK-00389,AST-S_A-0126,SEC-RKMP-BPL,PointMachineOverhaulDefect,2,2026-09-26,0,OPEN,KM-RKMP-BPL
DEF-TSK-00390,AST-TRA-0264,SEC-RKMP-BPL,ContactWireReplacementDefect,2,2026-10-29,0,OPEN,KM-RKMP-BPL
DEF-TSK-00391,AST-ENG-0265,SEC-RKMP-BPL,RailGrindingDefect,2,2026-11-16,0,OPEN,KM-RKMP-BPL
DEF-TSK-00392,AST-S_A-0493,SEC-RKMP-BPL,PointMachineOverhaulDefect,2,2026-11-22,0,OPEN,KM-RKMP-BPL
DEF-TSK-00393,AST-TRA-0274,SEC-RKMP-BPL,DropperReplacementDefect,3,2026-10-22,0,OPEN,KM-RKMP-BPL
DEF-TSK-00394,AST-ENG-0375,SEC-RKMP-BPL,SleeperRenewalDefect,5,2026-10-02,2,OPEN,KM-RKMP-BPL
DEF-TSK-00395,AST-S_A-0095,SEC-RKMP-BPL,PointMachineOverhaulDefect,2,2026-11-17,0,OPEN,KM-RKMP-BPL
DEF-TSK-00396,AST-TRA-0277,SEC-RKMP-BPL,InsulatorReplacementDefect,5,2026-09-04,2,OPEN,KM-RKMP-BPL
DEF-TSK-00397,AST-ENG-0328,SEC-RKMP-BPL,RailGrindingDefect,5,2026-09-27,2,OPEN,KM-RKMP-BPL
DEF-TSK-00398,AST-S_A-0291,SEC-RKMP-BPL,AxleCounterCalibrationDefect,5,2026-09-04,2,OPEN,KM-RKMP-BPL
DEF-TSK-00399,AST-TRA-0304,SEC-RKMP-BPL,DropperReplacementDefect,5,2026-10-12,2,OPEN,KM-RKMP-BPL
DEF-TSK-00400,AST-ENG-0402,SEC-RKMP-BPL,BallastCleaningDefect,5,2026-11-21,2,OPEN,KM-RKMP-BPL
DEF-TSK-00401,AST-S_A-0452,SEC-RKMP-BPL,SignalCableRenewalDefect,4,2026-10-21,0,OPEN,KM-RKMP-BPL
DEF-TSK-00402,AST-TRA-0363,SEC-RKMP-BPL,ContactWireReplacementDefect,3,2026-10-26,0,OPEN,KM-RKMP-BPL
DEF-TSK-00403,AST-ENG-0239,SEC-RKMP-BPL,JointWeldingDefect,5,2026-10-05,2,OPEN,KM-RKMP-BPL
DEF-TSK-00404,AST-S_A-0177,SEC-RKMP-BPL,TurnoutAdjustmentDefect,3,2026-11-05,0,OPEN,KM-RKMP-BPL
DEF-TSK-00405,AST-TRA-0306,SEC-RKMP-BPL,ContactWireReplacementDefect,2,2026-11-11,0,OPEN,KM-RKMP-BPL
DEF-TSK-00406,AST-ENG-0238,SEC-RKMP-BPL,JointWeldingDefect,5,2026-10-26,2,OPEN,KM-RKMP-BPL
DEF-TSK-00407,AST-S_A-0112,SEC-RKMP-BPL,AxleCounterCalibrationDefect,5,2026-10-13,2,OPEN,KM-RKMP-BPL
DEF-TSK-00408,AST-TRA-0413,SEC-RKMP-BPL,ContactWireReplacementDefect,3,2026-11-24,0,OPEN,KM-RKMP-BPL
DEF-TSK-00409,AST-ENG-0463,SEC-RKMP-BPL,RailGrindingDefect,4,2026-11-26,0,OPEN,KM-RKMP-BPL
DEF-TSK-00410,AST-S_A-0453,SEC-RKMP-BPL,TurnoutAdjustmentDefect,5,2026-11-28,2,OPEN,KM-RKMP-BPL
DEF-TSK-00411,AST-TRA-0425,SEC-RKMP-BPL,ContactWireReplacementDefect,3,2026-10-27,0,OPEN,KM-RKMP-BPL
DEF-TSK-00412,AST-ENG-0077,SEC-RKMP-BPL,BallastCleaningDefect,2,2026-11-07,0,OPEN,KM-RKMP-BPL
DEF-TSK-00413,AST-S_A-0237,SEC-RKMP-BPL,SignalCableRenewalDefect,2,2026-10-18,0,OPEN,KM-RKMP-BPL
DEF-TSK-00414,AST-TRA-0185,SEC-RKMP-BPL,ContactWireReplacementDefect,3,2026-09-18,0,OPEN,KM-RKMP-BPL
DEF-TSK-00415,AST-ENG-0368,SEC-RKMP-BPL,BallastCleaningDefect,2,2026-09-22,0,OPEN,KM-RKMP-BPL
DEF-TSK-00416,AST-S_A-0121,SEC-RKMP-BPL,AxleCounterCalibrationDefect,2,2026-10-28,0,OPEN,KM-RKMP-BPL
DEF-TSK-00417,AST-TRA-0494,SEC-RKMP-BPL,DropperReplacementDefect,4,2026-09-16,0,OPEN,KM-RKMP-BPL
DEF-TSK-00418,AST-ENG-0036,SEC-RKMP-BPL,RailGrindingDefect,3,2026-10-15,0,OPEN,KM-RKMP-BPL
DEF-TSK-00419,AST-S_A-0423,SEC-RKMP-BPL,TurnoutAdjustmentDefect,4,2026-10-19,0,OPEN,KM-RKMP-BPL
DEF-TSK-00420,AST-TRA-0326,SEC-RKMP-BPL,OHEInspectionDefect,2,2026-09-13,0,OPEN,KM-RKMP-BPL
DEF-TSK-00421,AST-ENG-0077,SEC-RKMP-BPL,RailGrindingDefect,3,2026-11-03,0,OPEN,KM-RKMP-BPL
DEF-TSK-00422,AST-S_A-0221,SEC-RKMP-BPL,TurnoutAdjustmentDefect,3,2026-10-09,0,OPEN,KM-RKMP-BPL
DEF-TSK-00423,AST-TRA-0308,SEC-RKMP-BPL,DropperReplacementDefect,5,2026-10-06,2,OPEN,KM-RKMP-BPL
DEF-TSK-00424,AST-ENG-0007,SEC-RKMP-BPL,BallastCleaningDefect,4,2026-09-25,0,OPEN,KM-RKMP-BPL
DEF-TSK-00425,AST-S_A-0189,SEC-RKMP-BPL,TurnoutAdjustmentDefect,5,2026-10-20,2,OPEN,KM-RKMP-BPL
DEF-TSK-00426,AST-TRA-0258,SEC-RKMP-BPL,DropperReplacementDefect,5,2026-10-03,2,OPEN,KM-RKMP-BPL
DEF-TSK-00427,AST-ENG-0392,SEC-RKMP-BPL,TrackTampingDefect,2,2026-11-25,0,OPEN,KM-RKMP-BPL
DEF-TSK-00428,AST-S_A-0143,SEC-RKMP-BPL,AxleCounterCalibrationDefect,4,2026-11-12,0,OPEN,KM-RKMP-BPL
DEF-TSK-00429,AST-TRA-0022,SEC-RKMP-BPL,DropperReplacementDefect,5,2026-10-12,2,OPEN,KM-RKMP-BPL
DEF-TSK-00430,AST-ENG-0169,SEC-RKMP-BPL,SleeperRenewalDefect,2,2026-11-29,0,OPEN,KM-RKMP-BPL
DEF-TSK-00431,AST-S_A-0162,SEC-RKMP-BPL,SignalCableRenewalDefect,2,2026-10-15,0,OPEN,KM-RKMP-BPL
DEF-TSK-00432,AST-TRA-0026,SEC-RKMP-BPL,ContactWireReplacementDefect,2,2026-11-26,0,OPEN,KM-RKMP-BPL
DEF-TSK-00433,AST-ENG-0212,SEC-RKMP-BPL,BallastCleaningDefect,4,2026-11-24,0,OPEN,KM-RKMP-BPL
DEF-TSK-00434,AST-S_A-0253,SEC-RKMP-BPL,AxleCounterCalibrationDefect,3,2026-11-18,0,OPEN,KM-RKMP-BPL
DEF-TSK-00435,AST-TRA-0195,SEC-RKMP-BPL,InsulatorReplacementDefect,5,2026-10-20,2,OPEN,KM-RKMP-BPL
DEF-TSK-00436,AST-ENG-0151,SEC-RKMP-BPL,SleeperRenewalDefect,4,2026-09-05,0,OPEN,KM-RKMP-BPL
DEF-TSK-00437,AST-S_A-0091,SEC-RKMP-BPL,PointMachineOverhaulDefect,3,2026-11-02,0,OPEN,KM-RKMP-BPL
DEF-TSK-00438,AST-TRA-0359,SEC-RKMP-BPL,OHEInspectionDefect,2,2026-10-14,0,OPEN,KM-RKMP-BPL
DEF-TSK-00439,AST-ENG-0107,SEC-RKMP-BPL,RailGrindingDefect,5,2026-11-22,2,OPEN,KM-RKMP-BPL
DEF-TSK-00440,AST-S_A-0248,SEC-RKMP-BPL,SignalCableRenewalDefect,3,2026-09-14,0,OPEN,KM-RKMP-BPL
DEF-TSK-00441,AST-TRA-0404,SEC-RKMP-BPL,OHEInspectionDefect,3,2026-11-25,0,OPEN,KM-RKMP-BPL
DEF-TSK-00442,AST-ENG-0497,SEC-RKMP-BPL,SleeperRenewalDefect,4,2026-10-03,0,OPEN,KM-RKMP-BPL
DEF-TSK-00443,AST-S_A-0089,SEC-RKMP-BPL,AxleCounterCalibrationDefect,3,2026-10-27,0,OPEN,KM-RKMP-BPL
DEF-TSK-00444,AST-TRA-0020,SEC-RKMP-BPL,OHEInspectionDefect,4,2026-09-12,0,OPEN,KM-RKMP-BPL
DEF-TSK-00445,AST-ENG-0140,SEC-RKMP-BPL,RailGrindingDefect,4,2026-09-20,0,OPEN,KM-RKMP-BPL
DEF-TSK-00446,AST-S_A-0164,SEC-RKMP-BPL,PointMachineOverhaulDefect,2,2026-09-10,0,OPEN,KM-RKMP-BPL
DEF-TSK-00447,AST-TRA-0496,SEC-RKMP-BPL,DropperReplacementDefect,4,2026-11-24,0,OPEN,KM-RKMP-BPL
DEF-TSK-00448,AST-ENG-0387,SEC-RKMP-BPL,TrackTampingDefect,2,2026-11-10,0,OPEN,KM-RKMP-BPL
DEF-TSK-00449,AST-S_A-0384,SEC-RKMP-BPL,TurnoutAdjustmentDefect,3,2026-11-13,0,OPEN,KM-RKMP-BPL
DEF-TSK-00450,AST-TRA-0498,SEC-RKMP-BPL,InsulatorReplacementDefect,2,2026-11-10,0,OPEN,KM-RKMP-BPL
DEF-TSK-00451,AST-ENG-0386,SEC-RKMP-BPL,SleeperRenewalDefect,3,2026-11-13,0,OPEN,KM-RKMP-BPL
DEF-TSK-00452,AST-S_A-0138,SEC-RKMP-BPL,AxleCounterCalibrationDefect,3,2026-10-09,0,OPEN,KM-RKMP-BPL
DEF-TSK-00453,AST-TRA-0197,SEC-RKMP-BPL,InsulatorReplacementDefect,4,2026-10-10,0,OPEN,KM-RKMP-BPL
DEF-TSK-00454,AST-ENG-0213,SEC-RKMP-BPL,JointWeldingDefect,3,2026-10-02,0,OPEN,KM-RKMP-BPL
DEF-TSK-00455,AST-S_A-0252,SEC-RKMP-BPL,PointMachineOverhaulDefect,3,2026-09-16,0,OPEN,KM-RKMP-BPL
DEF-TSK-00456,AST-TRA-0412,SEC-RKMP-BPL,OHEInspectionDefect,3,2026-09-25,0,OPEN,KM-RKMP-BPL
DEF-TSK-00457,AST-ENG-0420,SEC-RKMP-BPL,BallastCleaningDefect,5,2026-09-15,2,OPEN,KM-RKMP-BPL
DEF-TSK-00458,AST-S_A-0410,SEC-RKMP-BPL,TurnoutAdjustmentDefect,4,2026-10-24,0,OPEN,KM-RKMP-BPL
DEF-TSK-00459,AST-TRA-0282,SEC-RKMP-BPL,OHEInspectionDefect,2,2026-11-06,0,OPEN,KM-RKMP-BPL
DEF-TSK-00460,AST-ENG-0034,SEC-RKMP-BPL,TrackTampingDefect,3,2026-10-18,0,OPEN,KM-RKMP-BPL
DEF-TSK-00461,AST-S_A-0469,SEC-RKMP-BPL,PointMachineOverhaulDefect,2,2026-11-21,0,OPEN,KM-RKMP-BPL
DEF-TSK-00462,AST-TRA-0360,SEC-RKMP-BPL,OHEInspectionDefect,5,2026-10-12,2,OPEN,KM-RKMP-BPL
DEF-TSK-00463,AST-ENG-0500,SEC-RKMP-BPL,SleeperRenewalDefect,4,2026-10-13,0,OPEN,KM-RKMP-BPL
DEF-TSK-00464,AST-S_A-0044,SEC-RKMP-BPL,AxleCounterCalibrationDefect,3,2026-09-13,0,OPEN,KM-RKMP-BPL
DEF-TSK-00465,AST-TRA-0178,SEC-RKMP-BPL,OHEInspectionDefect,5,2026-10-13,2,OPEN,KM-RKMP-BPL
DEF-TSK-00466,AST-ENG-0450,SEC-RKMP-BPL,BallastCleaningDefect,5,2026-09-25,2,OPEN,KM-RKMP-BPL
DEF-TSK-00467,AST-S_A-0020,SEC-RKMP-BPL,SignalCableRenewalDefect,3,2026-10-31,0,OPEN,KM-RKMP-BPL
DEF-TSK-00468,AST-TRA-0475,SEC-RKMP-BPL,InsulatorReplacementDefect,5,2026-11-08,2,OPEN,KM-RKMP-BPL
DEF-TSK-00469,AST-ENG-0161,SEC-RKMP-BPL,JointWeldingDefect,4,2026-10-05,0,OPEN,KM-RKMP-BPL
DEF-TSK-00470,AST-S_A-0185,SEC-RKMP-BPL,PointMachineOverhaulDefect,5,2026-09-25,2,OPEN,KM-RKMP-BPL
DEF-TSK-00471,AST-TRA-0131,SEC-RKMP-BPL,DropperReplacementDefect,4,2026-10-28,0,OPEN,KM-RKMP-BPL
DEF-TSK-00472,AST-ENG-0386,SEC-RKMP-BPL,JointWeldingDefect,2,2026-10-06,0,OPEN,KM-RKMP-BPL
DEF-TSK-00473,AST-S_A-0455,SEC-RKMP-BPL,TurnoutAdjustmentDefect,4,2026-11-12,0,OPEN,KM-RKMP-BPL
DEF-TSK-00474,AST-TRA-0494,SEC-RKMP-BPL,DropperReplacementDefect,2,2026-10-13,0,OPEN,KM-RKMP-BPL
DEF-TSK-00475,AST-ENG-0376,SEC-RKMP-BPL,SleeperRenewalDefect,3,2026-10-18,0,OPEN,KM-RKMP-BPL
DEF-TSK-00476,AST-S_A-0307,SEC-RKMP-BPL,AxleCounterCalibrationDefect,2,2026-11-09,0,OPEN,KM-RKMP-BPL
DEF-TSK-00477,AST-TRA-0279,SEC-RKMP-BPL,ContactWireReplacementDefect,3,2026-09-22,0,OPEN,KM-RKMP-BPL
DEF-TSK-00478,AST-ENG-0095,SEC-RKMP-BPL,TrackTampingDefect,4,2026-10-03,0,OPEN,KM-RKMP-BPL
DEF-TSK-00479,AST-S_A-0445,SEC-RKMP-BPL,PointMachineOverhaulDefect,2,2026-11-10,0,OPEN,KM-RKMP-BPL
DEF-TSK-00480,AST-TRA-0355,SEC-RKMP-BPL,ContactWireReplacementDefect,4,2026-10-27,0,OPEN,KM-RKMP-BPL
DEF-TSK-00481,AST-ENG-0365,SEC-RKMP-BPL,TrackTampingDefect,4,2026-09-06,0,OPEN,KM-RKMP-BPL
DEF-TSK-00482,AST-S_A-0379,SEC-RKMP-BPL,PointMachineOverhaulDefect,2,2026-10-14,0,OPEN,KM-RKMP-BPL
DEF-TSK-00483,AST-TRA-0261,SEC-RKMP-BPL,InsulatorReplacementDefect,3,2026-10-11,0,OPEN,KM-RKMP-BPL
DEF-TSK-00484,AST-ENG-0040,SEC-RKMP-BPL,JointWeldingDefect,2,2026-10-07,0,OPEN,KM-RKMP-BPL
DEF-TSK-00485,AST-S_A-0088,SEC-RKMP-BPL,PointMachineOverhaulDefect,4,2026-11-10,0,OPEN,KM-RKMP-BPL
DEF-TSK-00486,AST-TRA-0034,SEC-RKMP-BPL,InsulatorReplacementDefect,3,2026-10-08,0,OPEN,KM-RKMP-BPL
DEF-TSK-00487,AST-ENG-0105,SEC-RKMP-BPL,RailGrindingDefect,4,2026-09-20,0,OPEN,KM-RKMP-BPL
DEF-TSK-00488,AST-S_A-0189,SEC-RKMP-BPL,TurnoutAdjustmentDefect,2,2026-11-15,0,OPEN,KM-RKMP-BPL
DEF-TSK-00489,AST-TRA-0435,SEC-RKMP-BPL,ContactWireReplacementDefect,5,2026-10-05,2,OPEN,KM-RKMP-BPL
DEF-TSK-00490,AST-ENG-0086,SEC-RKMP-BPL,RailGrindingDefect,2,2026-09-09,0,OPEN,KM-RKMP-BPL
DEF-TSK-00491,AST-S_A-0034,SEC-RKMP-BPL,TurnoutAdjustmentDefect,5,2026-11-18,2,OPEN,KM-RKMP-BPL
DEF-TSK-00492,AST-TRA-0012,SEC-RKMP-BPL,OHEInspectionDefect,3,2026-09-08,0,OPEN,KM-RKMP-BPL
DEF-TSK-00493,AST-ENG-0214,SEC-RKMP-BPL,SleeperRenewalDefect,4,2026-11-12,0,OPEN,KM-RKMP-BPL
DEF-TSK-00494,AST-S_A-0076,SEC-RKMP-BPL,PointMachineOverhaulDefect,2,2026-11-15,0,OPEN,KM-RKMP-BPL
DEF-TSK-00495,AST-TRA-0333,SEC-RKMP-BPL,ContactWireReplacementDefect,2,2026-11-02,0,OPEN,KM-RKMP-BPL
DEF-TSK-00496,AST-ENG-0261,SEC-RKMP-BPL,RailGrindingDefect,4,2026-10-14,0,OPEN,KM-RKMP-BPL
DEF-TSK-00497,AST-S_A-0183,SEC-RKMP-BPL,AxleCounterCalibrationDefect,3,2026-09-16,0,OPEN,KM-RKMP-BPL
DEF-TSK-00498,AST-TRA-0347,SEC-RKMP-BPL,OHEInspectionDefect,5,2026-11-17,2,OPEN,KM-RKMP-BPL
DEF-TSK-00499,AST-ENG-0005,SEC-RKMP-BPL,BallastCleaningDefect,2,2026-09-07,0,OPEN,KM-RKMP-BPL
DEF-TSK-00500,AST-S_A-0375,SEC-RKMP-BPL,PointMachineOverhaulDefect,4,2026-09-09,0,OPEN,KM-RKMP-BPL
DEF-TSK-00501,AST-TRA-0006,SEC-RKMP-BPL,DropperReplacementDefect,3,2026-10-25,0,OPEN,KM-RKMP-BPL
DEF-TSK-00502,AST-ENG-0062,SEC-RKMP-BPL,BallastCleaningDefect,4,2026-10-22,0,OPEN,KM-RKMP-BPL
DEF-TSK-00503,AST-S_A-0447,SEC-RKMP-BPL,PointMachineOverhaulDefect,4,2026-11-13,0,OPEN,KM-RKMP-BPL
DEF-TSK-00504,AST-TRA-0165,SEC-RKMP-BPL,InsulatorReplacementDefect,3,2026-11-24,0,OPEN,KM-RKMP-BPL
DEF-TSK-00505,AST-ENG-0269,SEC-RKMP-BPL,TrackTampingDefect,4,2026-10-16,0,OPEN,KM-RKMP-BPL
DEF-TSK-00506,AST-S_A-0034,SEC-RKMP-BPL,TurnoutAdjustmentDefect,5,2026-11-24,2,OPEN,KM-RKMP-BPL
DEF-TSK-00507,AST-TRA-0383,SEC-RKMP-BPL,InsulatorReplacementDefect,2,2026-09-11,0,OPEN,KM-RKMP-BPL
DEF-TSK-00508,AST-ENG-0346,SEC-RKMP-BPL,TrackTampingDefect,4,2026-10-29,0,OPEN,KM-RKMP-BPL
DEF-TSK-00509,AST-S_A-0294,SEC-RKMP-BPL,AxleCounterCalibrationDefect,2,2026-10-01,0,OPEN,KM-RKMP-BPL
DEF-TSK-00510,AST-TRA-0333,SEC-RKMP-BPL,ContactWireReplacementDefect,3,2026-10-11,0,OPEN,KM-RKMP-BPL
DEF-TSK-00511,AST-ENG-0102,SEC-RKMP-BPL,TrackTampingDefect,2,2026-10-21,0,OPEN,KM-RKMP-BPL
DEF-TSK-00512,AST-S_A-0203,SEC-RKMP-BPL,PointMachineOverhaulDefect,3,2026-10-24,0,OPEN,KM-RKMP-BPL
DEF-TSK-00513,AST-TRA-0321,SEC-RKMP-BPL,ContactWireReplacementDefect,2,2026-11-12,0,OPEN,KM-RKMP-BPL
DEF-TSK-00514,AST-ENG-0051,SEC-RKMP-BPL,SleeperRenewalDefect,3,2026-09-27,0,OPEN,KM-RKMP-BPL
DEF-TSK-00515,AST-S_A-0046,SEC-RKMP-BPL,PointMachineOverhaulDefect,4,2026-10-25,0,OPEN,KM-RKMP-BPL
DEF-TSK-00516,AST-TRA-0297,SEC-RKMP-BPL,OHEInspectionDefect,4,2026-10-25,0,OPEN,KM-RKMP-BPL
DEF-TSK-00517,AST-ENG-0362,SEC-RKMP-BPL,TrackTampingDefect,5,2026-10-19,2,OPEN,KM-RKMP-BPL
DEF-TSK-00518,AST-S_A-0072,SEC-RKMP-BPL,AxleCounterCalibrationDefect,3,2026-09-20,0,OPEN,KM-RKMP-BPL
DEF-TSK-00519,AST-TRA-0118,SEC-RKMP-BPL,InsulatorReplacementDefect,4,2026-09-12,0,OPEN,KM-RKMP-BPL
DEF-TSK-00520,AST-ENG-0387,SEC-RKMP-BPL,JointWeldingDefect,4,2026-11-13,0,OPEN,KM-RKMP-BPL
DEF-TSK-00521,AST-S_A-0202,SEC-RKMP-BPL,TurnoutAdjustmentDefect,3,2026-09-07,0,OPEN,KM-RKMP-BPL
DEF-TSK-00522,AST-TRA-0277,SEC-RKMP-BPL,InsulatorReplacementDefect,2,2026-09-21,0,OPEN,KM-RKMP-BPL
DEF-TSK-00523,AST-ENG-0342,SEC-RKMP-BPL,SleeperRenewalDefect,4,2026-11-26,0,OPEN,KM-RKMP-BPL
DEF-TSK-00524,AST-S_A-0471,SEC-RKMP-BPL,SignalCableRenewalDefect,4,2026-11-25,0,OPEN,KM-RKMP-BPL
DEF-TSK-00525,AST-TRA-0210,SEC-RKMP-BPL,DropperReplacementDefect,2,2026-09-13,0,OPEN,KM-RKMP-BPL
DEF-TSK-00526,AST-ENG-0073,SEC-RKMP-BPL,RailGrindingDefect,3,2026-09-23,0,OPEN,KM-RKMP-BPL
DEF-TSK-00527,AST-S_A-0282,SEC-RKMP-BPL,PointMachineOverhaulDefect,3,2026-10-05,0,OPEN,KM-RKMP-BPL
DEF-TSK-00528,AST-TRA-0457,SEC-RKMP-BPL,InsulatorReplacementDefect,3,2026-11-22,0,OPEN,KM-RKMP-BPL
DEF-TSK-00529,AST-ENG-0320,SEC-RKMP-BPL,SleeperRenewalDefect,4,2026-11-03,0,OPEN,KM-RKMP-BPL
DEF-TSK-00530,AST-S_A-0391,SEC-RKMP-BPL,TurnoutAdjustmentDefect,2,2026-10-06,0,OPEN,KM-RKMP-BPL
DEF-TSK-00531,AST-TRA-0219,SEC-RKMP-BPL,ContactWireReplacementDefect,4,2026-10-03,0,OPEN,KM-RKMP-BPL
DEF-TSK-00532,AST-ENG-0485,SEC-RKMP-BPL,TrackTampingDefect,3,2026-09-18,0,OPEN,KM-RKMP-BPL
DEF-TSK-00533,AST-S_A-0250,SEC-RKMP-BPL,TurnoutAdjustmentDefect,3,2026-10-30,0,OPEN,KM-RKMP-BPL
DEF-TSK-00534,AST-TRA-0013,SEC-RKMP-BPL,InsulatorReplacementDefect,5,2026-09-26,2,OPEN,KM-RKMP-BPL
DEF-TSK-00535,AST-ENG-0309,SEC-RKMP-BPL,JointWeldingDefect,4,2026-11-02,0,OPEN,KM-RKMP-BPL
DEF-TSK-00536,AST-S_A-0199,SEC-RKMP-BPL,PointMachineOverhaulDefect,2,2026-09-06,0,OPEN,KM-RKMP-BPL
DEF-TSK-00537,AST-TRA-0008,SEC-RKMP-BPL,OHEInspectionDefect,3,2026-10-22,0,OPEN,KM-RKMP-BPL
DEF-TSK-00538,AST-ENG-0310,SEC-RKMP-BPL,TrackTampingDefect,5,2026-11-04,2,OPEN,KM-RKMP-BPL
DEF-TSK-00539,AST-S_A-0464,SEC-RKMP-BPL,TurnoutAdjustmentDefect,5,2026-09-05,2,OPEN,KM-RKMP-BPL
DEF-TSK-00540,AST-TRA-0098,SEC-RKMP-BPL,DropperReplacementDefect,2,2026-09-03,0,OPEN,KM-RKMP-BPL
DEF-TSK-00541,AST-ENG-0226,SEC-RKMP-BPL,RailGrindingDefect,4,2026-10-08,0,OPEN,KM-RKMP-BPL
DEF-TSK-00542,AST-S_A-0063,SEC-RKMP-BPL,AxleCounterCalibrationDefect,5,2026-09-29,2,OPEN,KM-RKMP-BPL
DEF-TSK-00543,AST-TRA-0204,SEC-RKMP-BPL,OHEInspectionDefect,4,2026-11-25,0,OPEN,KM-RKMP-BPL
DEF-TSK-00544,AST-ENG-0229,SEC-RKMP-BPL,BallastCleaningDefect,5,2026-11-09,2,OPEN,KM-RKMP-BPL
DEF-TSK-00545,AST-S_A-0308,SEC-RKMP-BPL,PointMachineOverhaulDefect,2,2026-09-23,0,OPEN,KM-RKMP-BPL
DEF-TSK-00546,AST-TRA-0410,SEC-RKMP-BPL,InsulatorReplacementDefect,2,2026-10-16,0,OPEN,KM-RKMP-BPL
DEF-TSK-00547,AST-ENG-0099,SEC-RKMP-BPL,RailGrindingDefect,3,2026-11-18,0,OPEN,KM-RKMP-BPL
DEF-TSK-00548,AST-S_A-0480,SEC-RKMP-BPL,AxleCounterCalibrationDefect,2,2026-09-23,0,OPEN,KM-RKMP-BPL
DEF-TSK-00549,AST-TRA-0281,SEC-RKMP-BPL,DropperReplacementDefect,4,2026-10-03,0,OPEN,KM-RKMP-BPL
DEF-TSK-00550,AST-ENG-0249,SEC-RKMP-BPL,BallastCleaningDefect,2,2026-11-21,0,OPEN,KM-RKMP-BPL
DEF-TSK-00551,AST-S_A-0233,SEC-RKMP-BPL,TurnoutAdjustmentDefect,5,2026-09-21,2,OPEN,KM-RKMP-BPL
DEF-TSK-00552,AST-TRA-0359,SEC-RKMP-BPL,DropperReplacementDefect,2,2026-11-09,0,OPEN,KM-RKMP-BPL
DEF-TSK-00553,AST-ENG-0441,SEC-RKMP-BPL,JointWeldingDefect,2,2026-11-06,0,OPEN,KM-RKMP-BPL
DEF-TSK-00554,AST-S_A-0497,SEC-RKMP-BPL,TurnoutAdjustmentDefect,2,2026-10-10,0,OPEN,KM-RKMP-BPL
DEF-TSK-00555,AST-TRA-0464,SEC-RKMP-BPL,InsulatorReplacementDefect,5,2026-10-08,2,OPEN,KM-RKMP-BPL
DEF-TSK-00556,AST-ENG-0113,SEC-RKMP-BPL,SleeperRenewalDefect,3,2026-11-16,0,OPEN,KM-RKMP-BPL
DEF-TSK-00557,AST-S_A-0246,SEC-RKMP-BPL,TurnoutAdjustmentDefect,5,2026-11-13,2,OPEN,KM-RKMP-BPL
DEF-TSK-00558,AST-TRA-0288,SEC-RKMP-BPL,DropperReplacementDefect,2,2026-10-14,0,OPEN,KM-RKMP-BPL
DEF-TSK-00559,AST-ENG-0236,SEC-RKMP-BPL,BallastCleaningDefect,4,2026-10-24,0,OPEN,KM-RKMP-BPL
DEF-TSK-00560,AST-S_A-0373,SEC-RKMP-BPL,SignalCableRenewalDefect,2,2026-10-03,0,OPEN,KM-RKMP-BPL
DEF-TSK-00561,AST-TRA-0292,SEC-RKMP-BPL,ContactWireReplacementDefect,4,2026-09-28,0,OPEN,KM-RKMP-BPL
DEF-TSK-00562,AST-ENG-0128,SEC-RKMP-BPL,TrackTampingDefect,2,2026-10-18,0,OPEN,KM-RKMP-BPL
DEF-TSK-00563,AST-S_A-0494,SEC-RKMP-BPL,TurnoutAdjustmentDefect,3,2026-11-19,0,OPEN,KM-RKMP-BPL
DEF-TSK-00564,AST-TRA-0197,SEC-RKMP-BPL,InsulatorReplacementDefect,2,2026-11-19,0,OPEN,KM-RKMP-BPL
DEF-TSK-00565,AST-ENG-0407,SEC-RKMP-BPL,SleeperRenewalDefect,2,2026-11-05,0,OPEN,KM-RKMP-BPL
DEF-TSK-00566,AST-S_A-0086,SEC-RKMP-BPL,PointMachineOverhaulDefect,2,2026-10-30,0,OPEN,KM-RKMP-BPL
DEF-TSK-00567,AST-TRA-0070,SEC-RKMP-BPL,InsulatorReplacementDefect,3,2026-11-18,0,OPEN,KM-RKMP-BPL
DEF-TSK-00568,AST-ENG-0007,SEC-RKMP-BPL,BallastCleaningDefect,2,2026-10-22,0,OPEN,KM-RKMP-BPL
DEF-TSK-00569,AST-S_A-0206,SEC-RKMP-BPL,SignalCableRenewalDefect,2,2026-09-17,0,OPEN,KM-RKMP-BPL
DEF-TSK-00570,AST-TRA-0197,SEC-RKMP-BPL,ContactWireReplacementDefect,2,2026-11-21,0,OPEN,KM-RKMP-BPL
DEF-TSK-00571,AST-ENG-0168,SEC-RKMP-BPL,TrackTampingDefect,5,2026-09-27,2,OPEN,KM-RKMP-BPL
DEF-TSK-00572,AST-S_A-0265,SEC-RKMP-BPL,TurnoutAdjustmentDefect,5,2026-11-04,2,OPEN,KM-RKMP-BPL
DEF-TSK-00573,AST-TRA-0423,SEC-RKMP-BPL,OHEInspectionDefect,3,2026-09-18,0,OPEN,KM-RKMP-BPL
DEF-TSK-00574,AST-ENG-0104,SEC-RKMP-BPL,TrackTampingDefect,5,2026-09-19,2,OPEN,KM-RKMP-BPL
DEF-TSK-00575,AST-S_A-0113,SEC-RKMP-BPL,AxleCounterCalibrationDefect,5,2026-11-06,2,OPEN,KM-RKMP-BPL
DEF-TSK-00576,AST-TRA-0442,SEC-RKMP-BPL,DropperReplacementDefect,3,2026-11-12,0,OPEN,KM-RKMP-BPL
DEF-TSK-00577,AST-ENG-0263,SEC-RKMP-BPL,BallastCleaningDefect,5,2026-10-31,2,OPEN,KM-RKMP-BPL
DEF-TSK-00578,AST-S_A-0158,SEC-RKMP-BPL,SignalCableRenewalDefect,2,2026-09-09,0,OPEN,KM-RKMP-BPL
DEF-TSK-00579,AST-TRA-0421,SEC-RKMP-BPL,ContactWireReplacementDefect,2,2026-11-30,0,OPEN,KM-RKMP-BPL
DEF-TSK-00580,AST-ENG-0025,SEC-RKMP-BPL,TrackTampingDefect,3,2026-11-09,0,OPEN,KM-RKMP-BPL
DEF-TSK-00581,AST-S_A-0130,SEC-RKMP-BPL,TurnoutAdjustmentDefect,5,2026-09-15,2,OPEN,KM-RKMP-BPL
DEF-TSK-00582,AST-TRA-0319,SEC-RKMP-BPL,ContactWireReplacementDefect,2,2026-10-04,0,OPEN,KM-RKMP-BPL
DEF-TSK-00583,AST-ENG-0270,SEC-RKMP-BPL,SleeperRenewalDefect,4,2026-11-25,0,OPEN,KM-RKMP-BPL
DEF-TSK-00584,AST-S_A-0370,SEC-RKMP-BPL,PointMachineOverhaulDefect,3,2026-11-29,0,OPEN,KM-RKMP-BPL
DEF-TSK-00585,AST-TRA-0177,SEC-RKMP-BPL,InsulatorReplacementDefect,2,2026-11-02,0,OPEN,KM-RKMP-BPL
DEF-TSK-00586,AST-ENG-0031,SEC-RKMP-BPL,SleeperRenewalDefect,3,2026-10-26,0,OPEN,KM-RKMP-BPL
DEF-TSK-00587,AST-S_A-0366,SEC-RKMP-BPL,SignalCableRenewalDefect,5,2026-09-19,2,OPEN,KM-RKMP-BPL
DEF-TSK-00588,AST-TRA-0437,SEC-RKMP-BPL,ContactWireReplacementDefect,5,2026-11-03,2,OPEN,KM-RKMP-BPL
DEF-TSK-00589,AST-ENG-0280,SEC-RKMP-BPL,BallastCleaningDefect,2,2026-09-28,0,OPEN,KM-RKMP-BPL
DEF-TSK-00590,AST-S_A-0144,SEC-RKMP-BPL,AxleCounterCalibrationDefect,4,2026-11-02,0,OPEN,KM-RKMP-BPL
DEF-TSK-00591,AST-TRA-0370,SEC-RKMP-BPL,InsulatorReplacementDefect,3,2026-10-14,0,OPEN,KM-RKMP-BPL
DEF-TSK-00592,AST-ENG-0111,SEC-RKMP-BPL,TrackTampingDefect,4,2026-10-13,0,OPEN,KM-RKMP-BPL
DEF-TSK-00593,AST-S_A-0322,SEC-RKMP-BPL,PointMachineOverhaulDefect,3,2026-10-30,0,OPEN,KM-RKMP-BPL
DEF-TSK-00594,AST-TRA-0394,SEC-RKMP-BPL,ContactWireReplacementDefect,4,2026-10-11,0,OPEN,KM-RKMP-BPL
DEF-TSK-00595,AST-ENG-0294,SEC-RKMP-BPL,RailGrindingDefect,4,2026-09-23,0,OPEN,KM-RKMP-BPL
DEF-TSK-00596,AST-S_A-0191,SEC-RKMP-BPL,SignalCableRenewalDefect,3,2026-10-11,0,OPEN,KM-RKMP-BPL
DEF-TSK-00597,AST-TRA-0470,SEC-RKMP-BPL,OHEInspectionDefect,2,2026-10-31,0,OPEN,KM-RKMP-BPL
DEF-TSK-00598,AST-ENG-0208,SEC-RKMP-BPL,JointWeldingDefect,5,2026-10-19,2,OPEN,KM-RKMP-BPL
DEF-TSK-00599,AST-S_A-0208,SEC-RKMP-BPL,PointMachineOverhaulDefect,2,2026-09-14,0,OPEN,KM-RKMP-BPL
DEF-TSK-00600,AST-TRA-0019,SEC-RKMP-BPL,ContactWireReplacementDefect,5,2026-10-28,2,OPEN,KM-RKMP-BPL
DEF-TSK-00601,AST-ENG-0125,SEC-RKMP-BPL,BallastCleaningDefect,2,2026-09-13,0,OPEN,KM-RKMP-BPL
DEF-TSK-00602,AST-S_A-0265,SEC-RKMP-BPL,PointMachineOverhaulDefect,5,2026-09-03,2,OPEN,KM-RKMP-BPL
DEF-TSK-00603,AST-TRA-0275,SEC-RKMP-BPL,OHEInspectionDefect,3,2026-10-02,0,OPEN,KM-RKMP-BPL
DEF-TSK-00604,AST-ENG-0471,SEC-RKMP-BPL,BallastCleaningDefect,5,2026-09-12,2,OPEN,KM-RKMP-BPL
DEF-TSK-00605,AST-S_A-0491,SEC-RKMP-BPL,AxleCounterCalibrationDefect,4,2026-10-27,0,OPEN,KM-RKMP-BPL
DEF-TSK-00606,AST-TRA-0488,SEC-RKMP-BPL,OHEInspectionDefect,2,2026-09-21,0,OPEN,KM-RKMP-BPL
DEF-TSK-00607,AST-ENG-0466,SEC-RKMP-BPL,BallastCleaningDefect,4,2026-09-16,0,OPEN,KM-RKMP-BPL
DEF-TSK-00608,AST-S_A-0484,SEC-RKMP-BPL,PointMachineOverhaulDefect,3,2026-09-08,0,OPEN,KM-RKMP-BPL
DEF-TSK-00609,AST-TRA-0075,SEC-RKMP-BPL,InsulatorReplacementDefect,2,2026-10-20,0,OPEN,KM-RKMP-BPL
DEF-TSK-00610,AST-ENG-0123,SEC-RKMP-BPL,JointWeldingDefect,4,2026-11-18,0,OPEN,KM-RKMP-BPL
DEF-TSK-00611,AST-S_A-0004,SEC-RKMP-BPL,SignalCableRenewalDefect,5,2026-09-17,2,OPEN,KM-RKMP-BPL
DEF-TSK-00612,AST-TRA-0295,SEC-RKMP-BPL,ContactWireReplacementDefect,3,2026-11-02,0,OPEN,KM-RKMP-BPL
DEF-TSK-00613,AST-ENG-0298,SEC-RKMP-BPL,BallastCleaningDefect,4,2026-09-21,0,OPEN,KM-RKMP-BPL
DEF-TSK-00614,AST-S_A-0236,SEC-RKMP-BPL,AxleCounterCalibrationDefect,3,2026-10-01,0,OPEN,KM-RKMP-BPL
DEF-TSK-00615,AST-TRA-0494,SEC-RKMP-BPL,ContactWireReplacementDefect,5,2026-09-22,2,OPEN,KM-RKMP-BPL
DEF-TSK-00616,AST-ENG-0142,SEC-RKMP-BPL,SleeperRenewalDefect,2,2026-10-10,0,OPEN,KM-RKMP-BPL
DEF-TSK-00617,AST-S_A-0438,SEC-RKMP-BPL,SignalCableRenewalDefect,5,2026-09-16,2,OPEN,KM-RKMP-BPL
DEF-TSK-00618,AST-TRA-0457,SEC-RKMP-BPL,OHEInspectionDefect,5,2026-10-19,2,OPEN,KM-RKMP-BPL
DEF-TSK-00619,AST-ENG-0006,SEC-RKMP-BPL,BallastCleaningDefect,3,2026-09-25,0,OPEN,KM-RKMP-BPL
DEF-TSK-00620,AST-S_A-0051,SEC-RKMP-BPL,AxleCounterCalibrationDefect,3,2026-10-25,0,OPEN,KM-RKMP-BPL
DEF-TSK-00621,AST-TRA-0142,SEC-RKMP-BPL,InsulatorReplacementDefect,2,2026-10-24,0,OPEN,KM-RKMP-BPL
DEF-TSK-00622,AST-ENG-0065,SEC-RKMP-BPL,RailGrindingDefect,2,2026-11-24,0,OPEN,KM-RKMP-BPL
DEF-TSK-00623,AST-S_A-0356,SEC-RKMP-BPL,SignalCableRenewalDefect,4,2026-11-05,0,OPEN,KM-RKMP-BPL
DEF-TSK-00624,AST-TRA-0050,SEC-RKMP-BPL,DropperReplacementDefect,3,2026-10-26,0,OPEN,KM-RKMP-BPL
DEF-TSK-00625,AST-ENG-0275,SEC-RKMP-BPL,JointWeldingDefect,4,2026-09-17,0,OPEN,KM-RKMP-BPL
DEF-TSK-00626,AST-S_A-0155,SEC-RKMP-BPL,TurnoutAdjustmentDefect,4,2026-10-21,0,OPEN,KM-RKMP-BPL
DEF-TSK-00627,AST-TRA-0106,SEC-RKMP-BPL,ContactWireReplacementDefect,3,2026-11-29,0,OPEN,KM-RKMP-BPL
DEF-TSK-00628,AST-ENG-0123,SEC-RKMP-BPL,BallastCleaningDefect,3,2026-11-08,0,OPEN,KM-RKMP-BPL
DEF-TSK-00629,AST-S_A-0056,SEC-RKMP-BPL,SignalCableRenewalDefect,2,2026-09-10,0,OPEN,KM-RKMP-BPL
DEF-TSK-00630,AST-TRA-0382,SEC-RKMP-BPL,OHEInspectionDefect,4,2026-11-04,0,OPEN,KM-RKMP-BPL
DEF-TSK-00631,AST-ENG-0046,SEC-RKMP-BPL,RailGrindingDefect,3,2026-10-02,0,OPEN,KM-RKMP-BPL
DEF-TSK-00632,AST-S_A-0238,SEC-RKMP-BPL,SignalCableRenewalDefect,5,2026-10-23,2,OPEN,KM-RKMP-BPL
DEF-TSK-00633,AST-TRA-0134,SEC-RKMP-BPL,OHEInspectionDefect,3,2026-11-18,0,OPEN,KM-RKMP-BPL
DEF-TSK-00634,AST-ENG-0033,SEC-RKMP-BPL,RailGrindingDefect,2,2026-09-25,0,OPEN,KM-RKMP-BPL
DEF-TSK-00635,AST-S_A-0309,SEC-RKMP-BPL,SignalCableRenewalDefect,4,2026-09-03,0,OPEN,KM-RKMP-BPL
DEF-TSK-00636,AST-TRA-0463,SEC-RKMP-BPL,ContactWireReplacementDefect,2,2026-11-10,0,OPEN,KM-RKMP-BPL
DEF-TSK-00637,AST-ENG-0231,SEC-RKMP-BPL,TrackTampingDefect,2,2026-10-30,0,OPEN,KM-RKMP-BPL
DEF-TSK-00638,AST-S_A-0049,SEC-RKMP-BPL,PointMachineOverhaulDefect,4,2026-10-30,0,OPEN,KM-RKMP-BPL
DEF-TSK-00639,AST-TRA-0309,SEC-RKMP-BPL,OHEInspectionDefect,2,2026-09-16,0,OPEN,KM-RKMP-BPL
DEF-TSK-00640,AST-ENG-0221,SEC-RKMP-BPL,JointWeldingDefect,2,2026-09-24,0,OPEN,KM-RKMP-BPL
DEF-TSK-00641,AST-S_A-0205,SEC-RKMP-BPL,AxleCounterCalibrationDefect,2,2026-09-19,0,OPEN,KM-RKMP-BPL
DEF-TSK-00642,AST-TRA-0483,SEC-RKMP-BPL,DropperReplacementDefect,2,2026-11-14,0,OPEN,KM-RKMP-BPL
DEF-TSK-00643,AST-ENG-0169,SEC-RKMP-BPL,SleeperRenewalDefect,2,2026-10-27,0,OPEN,KM-RKMP-BPL
DEF-TSK-00644,AST-S_A-0057,SEC-RKMP-BPL,TurnoutAdjustmentDefect,3,2026-10-31,0,OPEN,KM-RKMP-BPL
DEF-TSK-00645,AST-TRA-0103,SEC-RKMP-BPL,InsulatorReplacementDefect,3,2026-10-13,0,OPEN,KM-RKMP-BPL
DEF-TSK-00646,AST-ENG-0459,SEC-RKMP-BPL,TrackTampingDefect,4,2026-11-17,0,OPEN,KM-RKMP-BPL
DEF-TSK-00647,AST-S_A-0042,SEC-RKMP-BPL,PointMachineOverhaulDefect,5,2026-10-07,2,OPEN,KM-RKMP-BPL
DEF-TSK-00648,AST-TRA-0477,SEC-RKMP-BPL,InsulatorReplacementDefect,2,2026-09-20,0,OPEN,KM-RKMP-BPL
DEF-TSK-00649,AST-ENG-0339,SEC-RKMP-BPL,TrackTampingDefect,5,2026-10-02,2,OPEN,KM-RKMP-BPL
DEF-TSK-00650,AST-S_A-0469,SEC-RKMP-BPL,TurnoutAdjustmentDefect,3,2026-09-29,0,OPEN,KM-RKMP-BPL
DEF-TSK-00651,AST-TRA-0226,SEC-RKMP-BPL,ContactWireReplacementDefect,4,2026-10-29,0,OPEN,KM-RKMP-BPL
DEF-TSK-00652,AST-ENG-0137,SEC-RKMP-BPL,JointWeldingDefect,4,2026-09-17,0,OPEN,KM-RKMP-BPL
DEF-TSK-00653,AST-S_A-0096,SEC-RKMP-BPL,TurnoutAdjustmentDefect,5,2026-09-20,2,OPEN,KM-RKMP-BPL
DEF-TSK-00654,AST-TRA-0345,SEC-RKMP-BPL,DropperReplacementDefect,3,2026-11-26,0,OPEN,KM-RKMP-BPL
DEF-TSK-00655,AST-ENG-0022,SEC-RKMP-BPL,SleeperRenewalDefect,3,2026-11-06,0,OPEN,KM-RKMP-BPL
DEF-TSK-00656,AST-S_A-0389,SEC-RKMP-BPL,TurnoutAdjustmentDefect,5,2026-10-06,2,OPEN,KM-RKMP-BPL
DEF-TSK-00657,AST-TRA-0499,SEC-RKMP-BPL,OHEInspectionDefect,2,2026-09-08,0,OPEN,KM-RKMP-BPL
DEF-TSK-00658,AST-ENG-0356,SEC-RKMP-BPL,TrackTampingDefect,5,2026-11-18,2,OPEN,KM-RKMP-BPL
DEF-TSK-00659,AST-S_A-0300,SEC-RKMP-BPL,TurnoutAdjustmentDefect,5,2026-10-04,2,OPEN,KM-RKMP-BPL
DEF-TSK-00660,AST-TRA-0166,SEC-RKMP-BPL,OHEInspectionDefect,3,2026-09-09,0,OPEN,KM-RKMP-BPL
DEF-TSK-00661,AST-ENG-0492,SEC-RKMP-BPL,SleeperRenewalDefect,2,2026-11-27,0,OPEN,KM-RKMP-BPL
DEF-TSK-00662,AST-S_A-0346,SEC-RKMP-BPL,TurnoutAdjustmentDefect,5,2026-09-11,2,OPEN,KM-RKMP-BPL
DEF-TSK-00663,AST-TRA-0303,SEC-RKMP-BPL,InsulatorReplacementDefect,3,2026-11-29,0,OPEN,KM-RKMP-BPL
DEF-TSK-00664,AST-ENG-0340,SEC-RKMP-BPL,BallastCleaningDefect,4,2026-09-06,0,OPEN,KM-RKMP-BPL
DEF-TSK-00665,AST-S_A-0254,SEC-RKMP-BPL,TurnoutAdjustmentDefect,4,2026-11-25,0,OPEN,KM-RKMP-BPL
DEF-TSK-00666,AST-TRA-0029,SEC-RKMP-BPL,ContactWireReplacementDefect,2,2026-09-10,0,OPEN,KM-RKMP-BPL
DEF-TSK-00667,AST-ENG-0145,SEC-RKMP-BPL,BallastCleaningDefect,3,2026-09-20,0,OPEN,KM-RKMP-BPL
DEF-TSK-00668,AST-S_A-0324,SEC-RKMP-BPL,TurnoutAdjustmentDefect,5,2026-10-07,2,OPEN,KM-RKMP-BPL
DEF-TSK-00669,AST-TRA-0078,SEC-RKMP-BPL,DropperReplacementDefect,4,2026-11-24,0,OPEN,KM-RKMP-BPL
DEF-TSK-00670,AST-ENG-0325,SEC-RKMP-BPL,SleeperRenewalDefect,5,2026-11-24,2,OPEN,KM-RKMP-BPL
DEF-TSK-00671,AST-S_A-0032,SEC-RKMP-BPL,TurnoutAdjustmentDefect,2,2026-09-12,0,OPEN,KM-RKMP-BPL
DEF-TSK-00672,AST-TRA-0396,SEC-RKMP-BPL,InsulatorReplacementDefect,2,2026-10-25,0,OPEN,KM-RKMP-BPL
DEF-TSK-00673,AST-ENG-0007,SEC-RKMP-BPL,SleeperRenewalDefect,3,2026-09-27,0,OPEN,KM-RKMP-BPL
DEF-TSK-00674,AST-S_A-0380,SEC-RKMP-BPL,TurnoutAdjustmentDefect,4,2026-11-03,0,OPEN,KM-RKMP-BPL
DEF-TSK-00675,AST-TRA-0098,SEC-RKMP-BPL,OHEInspectionDefect,2,2026-10-30,0,OPEN,KM-RKMP-BPL
DEF-TSK-00676,AST-ENG-0260,SEC-RKMP-BPL,TrackTampingDefect,5,2026-09-11,2,OPEN,KM-RKMP-BPL
DEF-TSK-00677,AST-S_A-0478,SEC-RKMP-BPL,PointMachineOverhaulDefect,3,2026-09-28,0,OPEN,KM-RKMP-BPL
DEF-TSK-00678,AST-TRA-0282,SEC-RKMP-BPL,InsulatorReplacementDefect,5,2026-11-23,2,OPEN,KM-RKMP-BPL
DEF-TSK-00679,AST-ENG-0279,SEC-RKMP-BPL,JointWeldingDefect,2,2026-10-03,0,OPEN,KM-RKMP-BPL
DEF-TSK-00680,AST-S_A-0486,SEC-RKMP-BPL,TurnoutAdjustmentDefect,4,2026-10-22,0,OPEN,KM-RKMP-BPL
DEF-TSK-00681,AST-TRA-0403,SEC-RKMP-BPL,OHEInspectionDefect,2,2026-09-12,0,OPEN,KM-RKMP-BPL
DEF-TSK-00682,AST-ENG-0040,SEC-RKMP-BPL,TrackTampingDefect,4,2026-11-03,0,OPEN,KM-RKMP-BPL
DEF-TSK-00683,AST-S_A-0115,SEC-RKMP-BPL,TurnoutAdjustmentDefect,2,2026-09-19,0,OPEN,KM-RKMP-BPL
DEF-TSK-00684,AST-TRA-0480,SEC-RKMP-BPL,InsulatorReplacementDefect,3,2026-10-25,0,OPEN,KM-RKMP-BPL
DEF-TSK-00685,AST-ENG-0410,SEC-RKMP-BPL,BallastCleaningDefect,4,2026-10-16,0,OPEN,KM-RKMP-BPL
DEF-TSK-00686,AST-S_A-0333,SEC-RKMP-BPL,SignalCableRenewalDefect,5,2026-09-05,2,OPEN,KM-RKMP-BPL
DEF-TSK-00687,AST-TRA-0096,SEC-RKMP-BPL,ContactWireReplacementDefect,2,2026-10-29,0,OPEN,KM-RKMP-BPL
DEF-TSK-00688,AST-ENG-0217,SEC-RKMP-BPL,TrackTampingDefect,3,2026-10-04,0,OPEN,KM-RKMP-BPL
DEF-TSK-00689,AST-S_A-0244,SEC-RKMP-BPL,TurnoutAdjustmentDefect,4,2026-11-28,0,OPEN,KM-RKMP-BPL
DEF-TSK-00690,AST-TRA-0014,SEC-RKMP-BPL,ContactWireReplacementDefect,4,2026-11-25,0,OPEN,KM-RKMP-BPL
DEF-TSK-00691,AST-ENG-0360,SEC-RKMP-BPL,TrackTampingDefect,5,2026-09-07,2,OPEN,KM-RKMP-BPL
DEF-TSK-00692,AST-S_A-0300,SEC-RKMP-BPL,PointMachineOverhaulDefect,3,2026-09-09,0,OPEN,KM-RKMP-BPL
DEF-TSK-00693,AST-TRA-0309,SEC-RKMP-BPL,InsulatorReplacementDefect,4,2026-09-28,0,OPEN,KM-RKMP-BPL
DEF-TSK-00694,AST-ENG-0043,SEC-RKMP-BPL,TrackTampingDefect,4,2026-09-30,0,OPEN,KM-RKMP-BPL
DEF-TSK-00695,AST-S_A-0401,SEC-RKMP-BPL,TurnoutAdjustmentDefect,2,2026-10-26,0,OPEN,KM-RKMP-BPL
DEF-TSK-00696,AST-TRA-0254,SEC-RKMP-BPL,InsulatorReplacementDefect,4,2026-09-22,0,OPEN,KM-RKMP-BPL
DEF-TSK-00697,AST-ENG-0122,SEC-RKMP-BPL,TrackTampingDefect,3,2026-10-05,0,OPEN,KM-RKMP-BPL
DEF-TSK-00698,AST-S_A-0147,SEC-RKMP-BPL,AxleCounterCalibrationDefect,3,2026-10-19,0,OPEN,KM-RKMP-BPL
DEF-TSK-00699,AST-TRA-0052,SEC-RKMP-BPL,ContactWireReplacementDefect,2,2026-10-17,0,OPEN,KM-RKMP-BPL
DEF-TSK-00700,AST-ENG-0387,SEC-RKMP-BPL,JointWeldingDefect,5,2026-10-07,2,OPEN,KM-RKMP-BPL
DEF-TSK-00701,AST-S_A-0020,SEC-RKMP-BPL,AxleCounterCalibrationDefect,3,2026-10-02,0,OPEN,KM-RKMP-BPL
DEF-TSK-00702,AST-TRA-0241,SEC-RKMP-BPL,InsulatorReplacementDefect,2,2026-11-02,0,OPEN,KM-RKMP-BPL
DEF-TSK-00703,AST-ENG-0293,SEC-RKMP-BPL,RailGrindingDefect,3,2026-10-26,0,OPEN,KM-RKMP-BPL
DEF-TSK-00704,AST-S_A-0324,SEC-RKMP-BPL,PointMachineOverhaulDefect,3,2026-09-15,0,OPEN,KM-RKMP-BPL
DEF-TSK-00705,AST-TRA-0428,SEC-RKMP-BPL,InsulatorReplacementDefect,3,2026-09-17,0,OPEN,KM-RKMP-BPL
DEF-TSK-00706,AST-ENG-0458,SEC-RKMP-BPL,SleeperRenewalDefect,2,2026-10-13,0,OPEN,KM-RKMP-BPL
DEF-TSK-00707,AST-S_A-0462,SEC-RKMP-BPL,PointMachineOverhaulDefect,4,2026-10-22,0,OPEN,KM-RKMP-BPL
DEF-TSK-00708,AST-TRA-0473,SEC-RKMP-BPL,InsulatorReplacementDefect,5,2026-10-12,2,OPEN,KM-RKMP-BPL
DEF-TSK-00709,AST-ENG-0350,SEC-RKMP-BPL,RailGrindingDefect,4,2026-11-28,0,OPEN,KM-RKMP-BPL
DEF-TSK-00710,AST-S_A-0038,SEC-RKMP-BPL,AxleCounterCalibrationDefect,4,2026-09-12,0,OPEN,KM-RKMP-BPL
DEF-TSK-00711,AST-TRA-0418,SEC-RKMP-BPL,DropperReplacementDefect,4,2026-10-19,0,OPEN,KM-RKMP-BPL
DEF-TSK-00712,AST-ENG-0258,SEC-RKMP-BPL,BallastCleaningDefect,5,2026-09-25,2,OPEN,KM-RKMP-BPL
DEF-TSK-00713,AST-S_A-0330,SEC-RKMP-BPL,AxleCounterCalibrationDefect,5,2026-09-14,2,OPEN,KM-RKMP-BPL
DEF-TSK-00714,AST-TRA-0150,SEC-RKMP-BPL,OHEInspectionDefect,4,2026-09-23,0,OPEN,KM-RKMP-BPL
DEF-TSK-00715,AST-ENG-0426,SEC-RKMP-BPL,TrackTampingDefect,2,2026-11-18,0,OPEN,KM-RKMP-BPL
DEF-TSK-00716,AST-S_A-0078,SEC-RKMP-BPL,PointMachineOverhaulDefect,4,2026-10-20,0,OPEN,KM-RKMP-BPL
DEF-TSK-00717,AST-TRA-0411,SEC-RKMP-BPL,OHEInspectionDefect,3,2026-10-23,0,OPEN,KM-RKMP-BPL
DEF-TSK-00718,AST-ENG-0038,SEC-RKMP-BPL,SleeperRenewalDefect,3,2026-10-23,0,OPEN,KM-RKMP-BPL
DEF-TSK-00719,AST-S_A-0299,SEC-RKMP-BPL,SignalCableRenewalDefect,5,2026-09-26,2,OPEN,KM-RKMP-BPL
DEF-TSK-00720,AST-TRA-0183,SEC-RKMP-BPL,InsulatorReplacementDefect,4,2026-11-20,0,OPEN,KM-RKMP-BPL
DEF-TSK-00721,AST-ENG-0165,SEC-RKMP-BPL,RailGrindingDefect,3,2026-11-15,0,OPEN,KM-RKMP-BPL
DEF-TSK-00722,AST-S_A-0018,SEC-RKMP-BPL,TurnoutAdjustmentDefect,2,2026-11-30,0,OPEN,KM-RKMP-BPL
DEF-TSK-00723,AST-TRA-0011,SEC-RKMP-BPL,ContactWireReplacementDefect,3,2026-11-12,0,OPEN,KM-RKMP-BPL
DEF-TSK-00724,AST-ENG-0145,SEC-RKMP-BPL,RailGrindingDefect,3,2026-11-08,0,OPEN,KM-RKMP-BPL
DEF-TSK-00725,AST-S_A-0156,SEC-RKMP-BPL,PointMachineOverhaulDefect,4,2026-11-28,0,OPEN,KM-RKMP-BPL
DEF-TSK-00726,AST-TRA-0205,SEC-RKMP-BPL,OHEInspectionDefect,3,2026-10-22,0,OPEN,KM-RKMP-BPL
DEF-TSK-00727,AST-ENG-0467,SEC-RKMP-BPL,TrackTampingDefect,2,2026-10-23,0,OPEN,KM-RKMP-BPL
DEF-TSK-00728,AST-S_A-0282,SEC-RKMP-BPL,AxleCounterCalibrationDefect,2,2026-11-04,0,OPEN,KM-RKMP-BPL
DEF-TSK-00729,AST-TRA-0105,SEC-RKMP-BPL,InsulatorReplacementDefect,5,2026-10-17,2,OPEN,KM-RKMP-BPL
DEF-TSK-00730,AST-ENG-0428,SEC-RKMP-BPL,JointWeldingDefect,2,2026-10-27,0,OPEN,KM-RKMP-BPL
DEF-TSK-00731,AST-S_A-0380,SEC-RKMP-BPL,SignalCableRenewalDefect,4,2026-10-07,0,OPEN,KM-RKMP-BPL
DEF-TSK-00732,AST-TRA-0001,SEC-RKMP-BPL,OHEInspectionDefect,4,2026-10-30,0,OPEN,KM-RKMP-BPL
DEF-TSK-00733,AST-ENG-0405,SEC-RKMP-BPL,BallastCleaningDefect,3,2026-11-02,0,OPEN,KM-RKMP-BPL
DEF-TSK-00734,AST-S_A-0494,SEC-RKMP-BPL,TurnoutAdjustmentDefect,4,2026-11-28,0,OPEN,KM-RKMP-BPL
DEF-TSK-00735,AST-TRA-0087,SEC-RKMP-BPL,InsulatorReplacementDefect,3,2026-10-21,0,OPEN,KM-RKMP-BPL
DEF-TSK-00736,AST-ENG-0055,SEC-RKMP-BPL,JointWeldingDefect,4,2026-10-06,0,OPEN,KM-RKMP-BPL
DEF-TSK-00737,AST-S_A-0077,SEC-RKMP-BPL,AxleCounterCalibrationDefect,5,2026-11-16,2,OPEN,KM-RKMP-BPL
DEF-TSK-00738,AST-TRA-0009,SEC-RKMP-BPL,InsulatorReplacementDefect,2,2026-10-15,0,OPEN,KM-RKMP-BPL
DEF-TSK-00739,AST-ENG-0115,SEC-RKMP-BPL,SleeperRenewalDefect,3,2026-10-25,0,OPEN,KM-RKMP-BPL
DEF-TSK-00740,AST-S_A-0273,SEC-RKMP-BPL,SignalCableRenewalDefect,3,2026-11-20,0,OPEN,KM-RKMP-BPL
DEF-TSK-00741,AST-TRA-0241,SEC-RKMP-BPL,OHEInspectionDefect,3,2026-11-30,0,OPEN,KM-RKMP-BPL
DEF-TSK-00742,AST-ENG-0277,SEC-RKMP-BPL,SleeperRenewalDefect,2,2026-10-03,0,OPEN,KM-RKMP-BPL
DEF-TSK-00743,AST-S_A-0250,SEC-RKMP-BPL,AxleCounterCalibrationDefect,3,2026-11-24,0,OPEN,KM-RKMP-BPL
DEF-TSK-00744,AST-TRA-0252,SEC-RKMP-BPL,DropperReplacementDefect,2,2026-11-22,0,OPEN,KM-RKMP-BPL
DEF-TSK-00745,AST-ENG-0431,SEC-RKMP-BPL,SleeperRenewalDefect,2,2026-10-15,0,OPEN,KM-RKMP-BPL
DEF-TSK-00746,AST-S_A-0071,SEC-RKMP-BPL,AxleCounterCalibrationDefect,3,2026-09-30,0,OPEN,KM-RKMP-BPL
DEF-TSK-00747,AST-TRA-0411,SEC-RKMP-BPL,ContactWireReplacementDefect,5,2026-09-25,2,OPEN,KM-RKMP-BPL
DEF-TSK-00748,AST-ENG-0383,SEC-RKMP-BPL,TrackTampingDefect,3,2026-11-12,0,OPEN,KM-RKMP-BPL
DEF-TSK-00749,AST-S_A-0401,SEC-RKMP-BPL,AxleCounterCalibrationDefect,3,2026-10-07,0,OPEN,KM-RKMP-BPL
DEF-TSK-00750,AST-TRA-0402,SEC-RKMP-BPL,OHEInspectionDefect,5,2026-10-02,2,OPEN,KM-RKMP-BPL
DEF-TSK-00751,AST-ENG-0023,SEC-RKMP-BPL,RailGrindingDefect,2,2026-11-30,0,OPEN,KM-RKMP-BPL
DEF-TSK-00752,AST-S_A-0220,SEC-RKMP-BPL,TurnoutAdjustmentDefect,4,2026-09-28,0,OPEN,KM-RKMP-BPL
DEF-TSK-00753,AST-TRA-0468,SEC-RKMP-BPL,OHEInspectionDefect,3,2026-09-03,0,OPEN,KM-RKMP-BPL
DEF-TSK-00754,AST-ENG-0113,SEC-RKMP-BPL,RailGrindingDefect,2,2026-10-31,0,OPEN,KM-RKMP-BPL
DEF-TSK-00755,AST-S_A-0302,SEC-RKMP-BPL,AxleCounterCalibrationDefect,5,2026-11-03,2,OPEN,KM-RKMP-BPL
DEF-TSK-00756,AST-TRA-0161,SEC-RKMP-BPL,InsulatorReplacementDefect,4,2026-11-27,0,OPEN,KM-RKMP-BPL
DEF-TSK-00757,AST-ENG-0418,SEC-RKMP-BPL,TrackTampingDefect,2,2026-11-01,0,OPEN,KM-RKMP-BPL
DEF-TSK-00758,AST-S_A-0322,SEC-RKMP-BPL,AxleCounterCalibrationDefect,3,2026-09-19,0,OPEN,KM-RKMP-BPL
DEF-TSK-00759,AST-TRA-0208,SEC-RKMP-BPL,InsulatorReplacementDefect,2,2026-10-25,0,OPEN,KM-RKMP-BPL
DEF-TSK-00760,AST-ENG-0403,SEC-RKMP-BPL,RailGrindingDefect,5,2026-10-20,2,OPEN,KM-RKMP-BPL
DEF-TSK-00761,AST-S_A-0408,SEC-RKMP-BPL,TurnoutAdjustmentDefect,2,2026-09-18,0,OPEN,KM-RKMP-BPL
DEF-TSK-00762,AST-TRA-0195,SEC-RKMP-BPL,ContactWireReplacementDefect,4,2026-09-24,0,OPEN,KM-RKMP-BPL
DEF-TSK-00763,AST-ENG-0155,SEC-RKMP-BPL,JointWeldingDefect,5,2026-09-21,2,OPEN,KM-RKMP-BPL
DEF-TSK-00764,AST-S_A-0080,SEC-RKMP-BPL,SignalCableRenewalDefect,5,2026-10-10,2,OPEN,KM-RKMP-BPL
DEF-TSK-00765,AST-TRA-0107,SEC-RKMP-BPL,ContactWireReplacementDefect,3,2026-11-22,0,OPEN,KM-RKMP-BPL
DEF-TSK-00766,AST-ENG-0210,SEC-RKMP-BPL,RailGrindingDefect,2,2026-09-21,0,OPEN,KM-RKMP-BPL
DEF-TSK-00767,AST-S_A-0180,SEC-RKMP-BPL,AxleCounterCalibrationDefect,4,2026-10-27,0,OPEN,KM-RKMP-BPL
DEF-TSK-00768,AST-TRA-0440,SEC-RKMP-BPL,InsulatorReplacementDefect,4,2026-10-01,0,OPEN,KM-RKMP-BPL
DEF-TSK-00769,AST-ENG-0369,SEC-RKMP-BPL,TrackTampingDefect,2,2026-09-18,0,OPEN,KM-RKMP-BPL
DEF-TSK-00770,AST-S_A-0048,SEC-RKMP-BPL,AxleCounterCalibrationDefect,3,2026-10-03,0,OPEN,KM-RKMP-BPL
DEF-TSK-00771,AST-TRA-0020,SEC-RKMP-BPL,DropperReplacementDefect,2,2026-10-26,0,OPEN,KM-RKMP-BPL
DEF-TSK-00772,AST-ENG-0212,SEC-RKMP-BPL,JointWeldingDefect,5,2026-09-29,2,OPEN,KM-RKMP-BPL
DEF-TSK-00773,AST-S_A-0216,SEC-RKMP-BPL,TurnoutAdjustmentDefect,4,2026-11-20,0,OPEN,KM-RKMP-BPL
DEF-TSK-00774,AST-TRA-0031,SEC-RKMP-BPL,DropperReplacementDefect,4,2026-09-16,0,OPEN,KM-RKMP-BPL
DEF-TSK-00775,AST-ENG-0368,SEC-RKMP-BPL,JointWeldingDefect,3,2026-11-19,0,OPEN,KM-RKMP-BPL
DEF-TSK-00776,AST-S_A-0427,SEC-RKMP-BPL,AxleCounterCalibrationDefect,4,2026-11-16,0,OPEN,KM-RKMP-BPL
DEF-TSK-00777,AST-TRA-0238,SEC-RKMP-BPL,DropperReplacementDefect,2,2026-10-29,0,OPEN,KM-RKMP-BPL
DEF-TSK-00778,AST-ENG-0410,SEC-RKMP-BPL,SleeperRenewalDefect,3,2026-11-13,0,OPEN,KM-RKMP-BPL
DEF-TSK-00779,AST-S_A-0379,SEC-RKMP-BPL,TurnoutAdjustmentDefect,3,2026-11-25,0,OPEN,KM-RKMP-BPL
DEF-TSK-00780,AST-TRA-0084,SEC-RKMP-BPL,InsulatorReplacementDefect,4,2026-11-28,0,OPEN,KM-RKMP-BPL
DEF-TSK-00781,AST-ENG-0221,SEC-RKMP-BPL,SleeperRenewalDefect,4,2026-09-21,0,OPEN,KM-RKMP-BPL
DEF-TSK-00782,AST-S_A-0046,SEC-RKMP-BPL,TurnoutAdjustmentDefect,4,2026-11-05,0,OPEN,KM-RKMP-BPL
DEF-TSK-00783,AST-TRA-0101,SEC-RKMP-BPL,DropperReplacementDefect,2,2026-09-10,0,OPEN,KM-RKMP-BPL
DEF-TSK-00784,AST-ENG-0233,SEC-RKMP-BPL,SleeperRenewalDefect,2,2026-10-03,0,OPEN,KM-RKMP-BPL
DEF-TSK-00785,AST-S_A-0083,SEC-RKMP-BPL,TurnoutAdjustmentDefect,5,2026-11-29,2,OPEN,KM-RKMP-BPL
DEF-TSK-00786,AST-TRA-0125,SEC-RKMP-BPL,OHEInspectionDefect,2,2026-09-08,0,OPEN,KM-RKMP-BPL
DEF-TSK-00787,AST-ENG-0332,SEC-RKMP-BPL,RailGrindingDefect,3,2026-10-29,0,OPEN,KM-RKMP-BPL
DEF-TSK-00788,AST-S_A-0409,SEC-RKMP-BPL,SignalCableRenewalDefect,3,2026-11-12,0,OPEN,KM-RKMP-BPL
DEF-TSK-00789,AST-TRA-0380,SEC-RKMP-BPL,InsulatorReplacementDefect,2,2026-11-27,0,OPEN,KM-RKMP-BPL
DEF-TSK-00790,AST-ENG-0114,SEC-RKMP-BPL,BallastCleaningDefect,3,2026-10-19,0,OPEN,KM-RKMP-BPL
DEF-TSK-00791,AST-S_A-0175,SEC-RKMP-BPL,AxleCounterCalibrationDefect,2,2026-11-04,0,OPEN,KM-RKMP-BPL
DEF-TSK-00792,AST-TRA-0077,SEC-RKMP-BPL,InsulatorReplacementDefect,3,2026-10-23,0,OPEN,KM-RKMP-BPL
DEF-TSK-00793,AST-ENG-0208,SEC-RKMP-BPL,SleeperRenewalDefect,2,2026-09-27,0,OPEN,KM-RKMP-BPL
DEF-TSK-00794,AST-S_A-0090,SEC-RKMP-BPL,SignalCableRenewalDefect,4,2026-09-04,0,OPEN,KM-RKMP-BPL
DEF-TSK-00795,AST-TRA-0468,SEC-RKMP-BPL,DropperReplacementDefect,5,2026-11-13,2,OPEN,KM-RKMP-BPL
DEF-TSK-00796,AST-ENG-0283,SEC-RKMP-BPL,JointWeldingDefect,4,2026-09-08,0,OPEN,KM-RKMP-BPL
DEF-TSK-00797,AST-S_A-0140,SEC-RKMP-BPL,TurnoutAdjustmentDefect,3,2026-11-03,0,OPEN,KM-RKMP-BPL
DEF-TSK-00798,AST-TRA-0270,SEC-RKMP-BPL,ContactWireReplacementDefect,2,2026-09-05,0,OPEN,KM-RKMP-BPL
DEF-TSK-00799,AST-ENG-0164,SEC-RKMP-BPL,TrackTampingDefect,3,2026-11-25,0,OPEN,KM-RKMP-BPL
DEF-TSK-00800,AST-S_A-0207,SEC-RKMP-BPL,AxleCounterCalibrationDefect,4,2026-10-14,0,OPEN,KM-RKMP-BPL
DEF-TSK-00801,AST-TRA-0020,SEC-RKMP-BPL,InsulatorReplacementDefect,4,2026-11-12,0,OPEN,KM-RKMP-BPL
DEF-TSK-00802,AST-ENG-0327,SEC-RKMP-BPL,BallastCleaningDefect,3,2026-10-27,0,OPEN,KM-RKMP-BPL
DEF-TSK-00803,AST-S_A-0353,SEC-RKMP-BPL,SignalCableRenewalDefect,3,2026-09-24,0,OPEN,KM-RKMP-BPL
DEF-TSK-00804,AST-TRA-0184,SEC-RKMP-BPL,InsulatorReplacementDefect,3,2026-10-07,0,OPEN,KM-RKMP-BPL
DEF-TSK-00805,AST-ENG-0219,SEC-RKMP-BPL,TrackTampingDefect,4,2026-11-04,0,OPEN,KM-RKMP-BPL
DEF-TSK-00806,AST-S_A-0338,SEC-RKMP-BPL,AxleCounterCalibrationDefect,2,2026-10-03,0,OPEN,KM-RKMP-BPL
DEF-TSK-00807,AST-TRA-0129,SEC-RKMP-BPL,ContactWireReplacementDefect,4,2026-10-28,0,OPEN,KM-RKMP-BPL
DEF-TSK-00808,AST-ENG-0056,SEC-RKMP-BPL,TrackTampingDefect,2,2026-09-13,0,OPEN,KM-RKMP-BPL
DEF-TSK-00809,AST-S_A-0477,SEC-RKMP-BPL,TurnoutAdjustmentDefect,3,2026-09-04,0,OPEN,KM-RKMP-BPL
DEF-TSK-00810,AST-TRA-0357,SEC-RKMP-BPL,OHEInspectionDefect,5,2026-10-14,2,OPEN,KM-RKMP-BPL
DEF-TSK-00811,AST-ENG-0494,SEC-RKMP-BPL,BallastCleaningDefect,3,2026-11-17,0,OPEN,KM-RKMP-BPL
DEF-TSK-00812,AST-S_A-0332,SEC-RKMP-BPL,AxleCounterCalibrationDefect,4,2026-10-18,0,OPEN,KM-RKMP-BPL
DEF-TSK-00813,AST-TRA-0156,SEC-RKMP-BPL,DropperReplacementDefect,5,2026-10-08,2,OPEN,KM-RKMP-BPL
DEF-TSK-00814,AST-ENG-0072,SEC-RKMP-BPL,BallastCleaningDefect,2,2026-11-14,0,OPEN,KM-RKMP-BPL
DEF-TSK-00815,AST-S_A-0335,SEC-RKMP-BPL,SignalCableRenewalDefect,4,2026-11-14,0,OPEN,KM-RKMP-BPL
DEF-TSK-00816,AST-TRA-0256,SEC-RKMP-BPL,ContactWireReplacementDefect,3,2026-10-15,0,OPEN,KM-RKMP-BPL
DEF-TSK-00817,AST-ENG-0153,SEC-RKMP-BPL,TrackTampingDefect,4,2026-10-19,0,OPEN,KM-RKMP-BPL
DEF-TSK-00818,AST-S_A-0109,SEC-RKMP-BPL,PointMachineOverhaulDefect,2,2026-11-19,0,OPEN,KM-RKMP-BPL
DEF-TSK-00819,AST-TRA-0281,SEC-RKMP-BPL,OHEInspectionDefect,5,2026-10-20,2,OPEN,KM-RKMP-BPL
DEF-TSK-00820,AST-ENG-0455,SEC-RKMP-BPL,TrackTampingDefect,4,2026-10-20,0,OPEN,KM-RKMP-BPL
DEF-TSK-00821,AST-S_A-0249,SEC-RKMP-BPL,SignalCableRenewalDefect,3,2026-09-26,0,OPEN,KM-RKMP-BPL
DEF-TSK-00822,AST-TRA-0047,SEC-RKMP-BPL,InsulatorReplacementDefect,5,2026-09-09,2,OPEN,KM-RKMP-BPL
DEF-TSK-00823,AST-ENG-0305,SEC-RKMP-BPL,RailGrindingDefect,4,2026-09-18,0,OPEN,KM-RKMP-BPL
DEF-TSK-00824,AST-S_A-0438,SEC-RKMP-BPL,AxleCounterCalibrationDefect,3,2026-09-29,0,OPEN,KM-RKMP-BPL
DEF-TSK-00825,AST-TRA-0358,SEC-RKMP-BPL,InsulatorReplacementDefect,2,2026-09-09,0,OPEN,KM-RKMP-BPL
DEF-TSK-00826,AST-ENG-0054,SEC-RKMP-BPL,SleeperRenewalDefect,5,2026-10-08,2,OPEN,KM-RKMP-BPL
DEF-TSK-00827,AST-S_A-0348,SEC-RKMP-BPL,TurnoutAdjustmentDefect,5,2026-09-27,2,OPEN,KM-RKMP-BPL
DEF-TSK-00828,AST-TRA-0249,SEC-RKMP-BPL,OHEInspectionDefect,5,2026-09-17,2,OPEN,KM-RKMP-BPL
DEF-TSK-00829,AST-ENG-0477,SEC-RKMP-BPL,SleeperRenewalDefect,5,2026-09-15,2,OPEN,KM-RKMP-BPL
DEF-TSK-00830,AST-S_A-0039,SEC-RKMP-BPL,SignalCableRenewalDefect,5,2026-09-21,2,OPEN,KM-RKMP-BPL
DEF-TSK-00831,AST-TRA-0247,SEC-RKMP-BPL,DropperReplacementDefect,2,2026-10-31,0,OPEN,KM-RKMP-BPL
DEF-TSK-00832,AST-ENG-0118,SEC-RKMP-BPL,RailGrindingDefect,2,2026-10-06,0,OPEN,KM-RKMP-BPL
DEF-TSK-00833,AST-S_A-0496,SEC-RKMP-BPL,TurnoutAdjustmentDefect,4,2026-11-30,0,OPEN,KM-RKMP-BPL
DEF-TSK-00834,AST-TRA-0162,SEC-RKMP-BPL,InsulatorReplacementDefect,5,2026-09-24,2,OPEN,KM-RKMP-BPL
DEF-TSK-00835,AST-ENG-0227,SEC-RKMP-BPL,JointWeldingDefect,2,2026-10-03,0,OPEN,KM-RKMP-BPL
DEF-TSK-00836,AST-S_A-0426,SEC-RKMP-BPL,AxleCounterCalibrationDefect,5,2026-09-24,2,OPEN,KM-RKMP-BPL
DEF-TSK-00837,AST-TRA-0248,SEC-RKMP-BPL,ContactWireReplacementDefect,2,2026-09-16,0,OPEN,KM-RKMP-BPL
DEF-TSK-00838,AST-ENG-0087,SEC-RKMP-BPL,JointWeldingDefect,2,2026-11-24,0,OPEN,KM-RKMP-BPL
DEF-TSK-00839,AST-S_A-0126,SEC-RKMP-BPL,SignalCableRenewalDefect,4,2026-10-13,0,OPEN,KM-RKMP-BPL
DEF-TSK-00840,AST-TRA-0097,SEC-RKMP-BPL,InsulatorReplacementDefect,2,2026-10-01,0,OPEN,KM-RKMP-BPL
DEF-TSK-00841,AST-ENG-0326,SEC-RKMP-BPL,BallastCleaningDefect,3,2026-11-01,0,OPEN,KM-RKMP-BPL
DEF-TSK-00842,AST-S_A-0178,SEC-RKMP-BPL,TurnoutAdjustmentDefect,5,2026-10-29,2,OPEN,KM-RKMP-BPL
DEF-TSK-00843,AST-TRA-0197,SEC-RKMP-BPL,ContactWireReplacementDefect,2,2026-09-30,0,OPEN,KM-RKMP-BPL
DEF-TSK-00844,AST-ENG-0222,SEC-RKMP-BPL,JointWeldingDefect,4,2026-11-09,0,OPEN,KM-RKMP-BPL
DEF-TSK-00845,AST-S_A-0130,SEC-RKMP-BPL,SignalCableRenewalDefect,2,2026-09-24,0,OPEN,KM-RKMP-BPL
DEF-TSK-00846,AST-TRA-0475,SEC-RKMP-BPL,OHEInspectionDefect,3,2026-11-01,0,OPEN,KM-RKMP-BPL
DEF-TSK-00847,AST-ENG-0425,SEC-RKMP-BPL,RailGrindingDefect,3,2026-09-29,0,OPEN,KM-RKMP-BPL
DEF-TSK-00848,AST-S_A-0484,SEC-RKMP-BPL,PointMachineOverhaulDefect,2,2026-11-04,0,OPEN,KM-RKMP-BPL
DEF-TSK-00849,AST-TRA-0395,SEC-RKMP-BPL,ContactWireReplacementDefect,4,2026-09-28,0,OPEN,KM-RKMP-BPL
DEF-TSK-00850,AST-ENG-0197,SEC-RKMP-BPL,SleeperRenewalDefect,5,2026-10-30,2,OPEN,KM-RKMP-BPL
DEF-TSK-00851,AST-S_A-0015,SEC-RKMP-BPL,TurnoutAdjustmentDefect,2,2026-10-09,0,OPEN,KM-RKMP-BPL
DEF-TSK-00852,AST-TRA-0226,SEC-RKMP-BPL,InsulatorReplacementDefect,2,2026-10-05,0,OPEN,KM-RKMP-BPL
DEF-TSK-00853,AST-ENG-0271,SEC-RKMP-BPL,BallastCleaningDefect,2,2026-11-24,0,OPEN,KM-RKMP-BPL
DEF-TSK-00854,AST-S_A-0090,SEC-RKMP-BPL,SignalCableRenewalDefect,3,2026-09-11,0,OPEN,KM-RKMP-BPL
DEF-TSK-00855,AST-TRA-0110,SEC-RKMP-BPL,ContactWireReplacementDefect,3,2026-10-01,0,OPEN,KM-RKMP-BPL
DEF-TSK-00856,AST-ENG-0453,SEC-RKMP-BPL,BallastCleaningDefect,3,2026-09-29,0,OPEN,KM-RKMP-BPL
DEF-TSK-00857,AST-S_A-0454,SEC-RKMP-BPL,PointMachineOverhaulDefect,3,2026-09-11,0,OPEN,KM-RKMP-BPL
DEF-TSK-00858,AST-TRA-0260,SEC-RKMP-BPL,OHEInspectionDefect,3,2026-10-01,0,OPEN,KM-RKMP-BPL
DEF-TSK-00859,AST-ENG-0384,SEC-RKMP-BPL,RailGrindingDefect,4,2026-09-26,0,OPEN,KM-RKMP-BPL
DEF-TSK-00860,AST-S_A-0242,SEC-RKMP-BPL,SignalCableRenewalDefect,3,2026-11-26,0,OPEN,KM-RKMP-BPL
DEF-TSK-00861,AST-TRA-0499,SEC-RKMP-BPL,OHEInspectionDefect,3,2026-09-16,0,OPEN,KM-RKMP-BPL
DEF-TSK-00862,AST-ENG-0455,SEC-RKMP-BPL,BallastCleaningDefect,2,2026-11-07,0,OPEN,KM-RKMP-BPL
DEF-TSK-00863,AST-S_A-0255,SEC-RKMP-BPL,TurnoutAdjustmentDefect,4,2026-09-04,0,OPEN,KM-RKMP-BPL
DEF-TSK-00864,AST-TRA-0398,SEC-RKMP-BPL,ContactWireReplacementDefect,5,2026-10-07,2,OPEN,KM-RKMP-BPL
DEF-TSK-00865,AST-ENG-0192,SEC-RKMP-BPL,TrackTampingDefect,5,2026-10-15,2,OPEN,KM-RKMP-BPL
DEF-TSK-00866,AST-S_A-0346,SEC-RKMP-BPL,TurnoutAdjustmentDefect,3,2026-10-11,0,OPEN,KM-RKMP-BPL
DEF-TSK-00867,AST-TRA-0220,SEC-RKMP-BPL,OHEInspectionDefect,5,2026-10-15,2,OPEN,KM-RKMP-BPL
DEF-TSK-00868,AST-ENG-0454,SEC-RKMP-BPL,BallastCleaningDefect,3,2026-09-09,0,OPEN,KM-RKMP-BPL
DEF-TSK-00869,AST-S_A-0141,SEC-RKMP-BPL,SignalCableRenewalDefect,2,2026-11-18,0,OPEN,KM-RKMP-BPL
DEF-TSK-00870,AST-TRA-0010,SEC-RKMP-BPL,DropperReplacementDefect,4,2026-10-08,0,OPEN,KM-RKMP-BPL
DEF-TSK-00871,AST-ENG-0354,SEC-RKMP-BPL,RailGrindingDefect,2,2026-11-30,0,OPEN,KM-RKMP-BPL
DEF-TSK-00872,AST-S_A-0306,SEC-RKMP-BPL,PointMachineOverhaulDefect,2,2026-11-29,0,OPEN,KM-RKMP-BPL
DEF-TSK-00873,AST-TRA-0064,SEC-RKMP-BPL,InsulatorReplacementDefect,4,2026-11-04,0,OPEN,KM-RKMP-BPL
DEF-TSK-00874,AST-ENG-0053,SEC-RKMP-BPL,SleeperRenewalDefect,2,2026-09-14,0,OPEN,KM-RKMP-BPL
DEF-TSK-00875,AST-S_A-0362,SEC-RKMP-BPL,PointMachineOverhaulDefect,4,2026-10-22,0,OPEN,KM-RKMP-BPL
DEF-TSK-00876,AST-TRA-0059,SEC-RKMP-BPL,InsulatorReplacementDefect,5,2026-11-20,2,OPEN,KM-RKMP-BPL
DEF-TSK-00877,AST-ENG-0103,SEC-RKMP-BPL,SleeperRenewalDefect,2,2026-11-13,0,OPEN,KM-RKMP-BPL
DEF-TSK-00878,AST-S_A-0376,SEC-RKMP-BPL,AxleCounterCalibrationDefect,4,2026-09-19,0,OPEN,KM-RKMP-BPL
DEF-TSK-00879,AST-TRA-0350,SEC-RKMP-BPL,InsulatorReplacementDefect,5,2026-10-04,2,OPEN,KM-RKMP-BPL
DEF-TSK-00880,AST-ENG-0284,SEC-RKMP-BPL,BallastCleaningDefect,5,2026-09-19,2,OPEN,KM-RKMP-BPL
DEF-TSK-00881,AST-S_A-0488,SEC-RKMP-BPL,TurnoutAdjustmentDefect,5,2026-11-02,2,OPEN,KM-RKMP-BPL
DEF-TSK-00882,AST-TRA-0168,SEC-RKMP-BPL,DropperReplacementDefect,4,2026-09-16,0,OPEN,KM-RKMP-BPL
DEF-TSK-00883,AST-ENG-0089,SEC-RKMP-BPL,JointWeldingDefect,4,2026-10-22,0,OPEN,KM-RKMP-BPL
DEF-TSK-00884,AST-S_A-0367,SEC-RKMP-BPL,PointMachineOverhaulDefect,5,2026-11-10,2,OPEN,KM-RKMP-BPL
DEF-TSK-00885,AST-TRA-0193,SEC-RKMP-BPL,OHEInspectionDefect,3,2026-11-19,0,OPEN,KM-RKMP-BPL
DEF-TSK-00886,AST-ENG-0415,SEC-RKMP-BPL,JointWeldingDefect,3,2026-10-15,0,OPEN,KM-RKMP-BPL
DEF-TSK-00887,AST-S_A-0428,SEC-RKMP-BPL,PointMachineOverhaulDefect,2,2026-09-04,0,OPEN,KM-RKMP-BPL
DEF-TSK-00888,AST-TRA-0075,SEC-RKMP-BPL,OHEInspectionDefect,4,2026-09-19,0,OPEN,KM-RKMP-BPL
DEF-TSK-00889,AST-ENG-0016,SEC-RKMP-BPL,JointWeldingDefect,3,2026-10-14,0,OPEN,KM-RKMP-BPL
DEF-TSK-00890,AST-S_A-0444,SEC-RKMP-BPL,SignalCableRenewalDefect,4,2026-09-28,0,OPEN,KM-RKMP-BPL
DEF-TSK-00891,AST-TRA-0212,SEC-RKMP-BPL,OHEInspectionDefect,3,2026-11-14,0,OPEN,KM-RKMP-BPL
DEF-TSK-00892,AST-ENG-0240,SEC-RKMP-BPL,BallastCleaningDefect,4,2026-11-13,0,OPEN,KM-RKMP-BPL
DEF-TSK-00893,AST-S_A-0203,SEC-RKMP-BPL,SignalCableRenewalDefect,4,2026-11-18,0,OPEN,KM-RKMP-BPL
DEF-TSK-00894,AST-TRA-0178,SEC-RKMP-BPL,InsulatorReplacementDefect,4,2026-10-27,0,OPEN,KM-RKMP-BPL
DEF-TSK-00895,AST-ENG-0455,SEC-RKMP-BPL,JointWeldingDefect,2,2026-09-22,0,OPEN,KM-RKMP-BPL
DEF-TSK-00896,AST-S_A-0033,SEC-RKMP-BPL,PointMachineOverhaulDefect,3,2026-09-09,0,OPEN,KM-RKMP-BPL
DEF-TSK-00897,AST-TRA-0223,SEC-RKMP-BPL,ContactWireReplacementDefect,4,2026-10-25,0,OPEN,KM-RKMP-BPL
DEF-TSK-00898,AST-ENG-0357,SEC-RKMP-BPL,RailGrindingDefect,5,2026-11-30,2,OPEN,KM-RKMP-BPL
DEF-TSK-00899,AST-S_A-0063,SEC-RKMP-BPL,TurnoutAdjustmentDefect,2,2026-10-22,0,OPEN,KM-RKMP-BPL
DEF-TSK-00900,AST-TRA-0261,SEC-RKMP-BPL,ContactWireReplacementDefect,2,2026-11-13,0,OPEN,KM-RKMP-BPL
DEF-TSK-00901,AST-ENG-0310,SEC-RKMP-BPL,BallastCleaningDefect,4,2026-11-25,0,OPEN,KM-RKMP-BPL
DEF-TSK-00902,AST-S_A-0413,SEC-RKMP-BPL,SignalCableRenewalDefect,5,2026-10-22,2,OPEN,KM-RKMP-BPL
DEF-TSK-00903,AST-TRA-0101,SEC-RKMP-BPL,InsulatorReplacementDefect,3,2026-10-22,0,OPEN,KM-RKMP-BPL
DEF-TSK-00904,AST-ENG-0461,SEC-RKMP-BPL,RailGrindingDefect,5,2026-09-12,2,OPEN,KM-RKMP-BPL
DEF-TSK-00905,AST-S_A-0238,SEC-RKMP-BPL,AxleCounterCalibrationDefect,5,2026-11-16,2,OPEN,KM-RKMP-BPL
DEF-TSK-00906,AST-TRA-0013,SEC-RKMP-BPL,InsulatorReplacementDefect,5,2026-10-18,2,OPEN,KM-RKMP-BPL
DEF-TSK-00907,AST-ENG-0063,SEC-RKMP-BPL,TrackTampingDefect,3,2026-10-23,0,OPEN,KM-RKMP-BPL
DEF-TSK-00908,AST-S_A-0384,SEC-RKMP-BPL,AxleCounterCalibrationDefect,3,2026-11-20,0,OPEN,KM-RKMP-BPL
DEF-TSK-00909,AST-TRA-0035,SEC-RKMP-BPL,InsulatorReplacementDefect,2,2026-10-31,0,OPEN,KM-RKMP-BPL
DEF-TSK-00910,AST-ENG-0477,SEC-RKMP-BPL,JointWeldingDefect,4,2026-09-30,0,OPEN,KM-RKMP-BPL
DEF-TSK-00911,AST-S_A-0271,SEC-RKMP-BPL,AxleCounterCalibrationDefect,3,2026-10-31,0,OPEN,KM-RKMP-BPL
DEF-TSK-00912,AST-TRA-0238,SEC-RKMP-BPL,OHEInspectionDefect,2,2026-10-25,0,OPEN,KM-RKMP-BPL
DEF-TSK-00913,AST-ENG-0060,SEC-RKMP-BPL,JointWeldingDefect,2,2026-10-18,0,OPEN,KM-RKMP-BPL
DEF-TSK-00914,AST-S_A-0362,SEC-RKMP-BPL,PointMachineOverhaulDefect,5,2026-09-20,2,OPEN,KM-RKMP-BPL
DEF-TSK-00915,AST-TRA-0261,SEC-RKMP-BPL,InsulatorReplacementDefect,2,2026-10-01,0,OPEN,KM-RKMP-BPL
DEF-TSK-00916,AST-ENG-0458,SEC-RKMP-BPL,BallastCleaningDefect,2,2026-09-29,0,OPEN,KM-RKMP-BPL
DEF-TSK-00917,AST-S_A-0101,SEC-RKMP-BPL,SignalCableRenewalDefect,2,2026-11-09,0,OPEN,KM-RKMP-BPL
DEF-TSK-00918,AST-TRA-0220,SEC-RKMP-BPL,DropperReplacementDefect,5,2026-09-19,2,OPEN,KM-RKMP-BPL
DEF-TSK-00919,AST-ENG-0390,SEC-RKMP-BPL,JointWeldingDefect,5,2026-11-13,2,OPEN,KM-RKMP-BPL
DEF-TSK-00920,AST-S_A-0137,SEC-RKMP-BPL,SignalCableRenewalDefect,3,2026-10-14,0,OPEN,KM-RKMP-BPL
DEF-TSK-00921,AST-TRA-0438,SEC-RKMP-BPL,OHEInspectionDefect,5,2026-09-17,2,OPEN,KM-RKMP-BPL
DEF-TSK-00922,AST-ENG-0372,SEC-RKMP-BPL,SleeperRenewalDefect,4,2026-09-16,0,OPEN,KM-RKMP-BPL
DEF-TSK-00923,AST-S_A-0007,SEC-RKMP-BPL,AxleCounterCalibrationDefect,3,2026-09-03,0,OPEN,KM-RKMP-BPL
DEF-TSK-00924,AST-TRA-0307,SEC-RKMP-BPL,DropperReplacementDefect,3,2026-09-23,0,OPEN,KM-RKMP-BPL
DEF-TSK-00925,AST-ENG-0070,SEC-RKMP-BPL,BallastCleaningDefect,4,2026-09-24,0,OPEN,KM-RKMP-BPL
DEF-TSK-00926,AST-S_A-0416,SEC-RKMP-BPL,AxleCounterCalibrationDefect,4,2026-10-06,0,OPEN,KM-RKMP-BPL
DEF-TSK-00927,AST-TRA-0119,SEC-RKMP-BPL,OHEInspectionDefect,5,2026-09-29,2,OPEN,KM-RKMP-BPL
DEF-TSK-00928,AST-ENG-0158,SEC-RKMP-BPL,RailGrindingDefect,5,2026-11-20,2,OPEN,KM-RKMP-BPL
DEF-TSK-00929,AST-S_A-0230,SEC-RKMP-BPL,AxleCounterCalibrationDefect,4,2026-10-06,0,OPEN,KM-RKMP-BPL
DEF-TSK-00930,AST-TRA-0422,SEC-RKMP-BPL,ContactWireReplacementDefect,2,2026-11-28,0,OPEN,KM-RKMP-BPL
DEF-TSK-00931,AST-ENG-0168,SEC-RKMP-BPL,RailGrindingDefect,5,2026-09-16,2,OPEN,KM-RKMP-BPL
DEF-TSK-00932,AST-S_A-0413,SEC-RKMP-BPL,SignalCableRenewalDefect,2,2026-10-10,0,OPEN,KM-RKMP-BPL
DEF-TSK-00933,AST-TRA-0088,SEC-RKMP-BPL,DropperReplacementDefect,4,2026-09-16,0,OPEN,KM-RKMP-BPL
DEF-TSK-00934,AST-ENG-0118,SEC-RKMP-BPL,JointWeldingDefect,2,2026-11-22,0,OPEN,KM-RKMP-BPL
DEF-TSK-00935,AST-S_A-0248,SEC-RKMP-BPL,AxleCounterCalibrationDefect,3,2026-10-31,0,OPEN,KM-RKMP-BPL
DEF-TSK-00936,AST-TRA-0486,SEC-RKMP-BPL,OHEInspectionDefect,4,2026-10-13,0,OPEN,KM-RKMP-BPL
DEF-TSK-00937,AST-ENG-0433,SEC-RKMP-BPL,RailGrindingDefect,5,2026-09-27,2,OPEN,KM-RKMP-BPL
DEF-TSK-00938,AST-S_A-0145,SEC-RKMP-BPL,AxleCounterCalibrationDefect,2,2026-10-20,0,OPEN,KM-RKMP-BPL
DEF-TSK-00939,AST-TRA-0054,SEC-RKMP-BPL,DropperReplacementDefect,2,2026-09-27,0,OPEN,KM-RKMP-BPL
DEF-TSK-00940,AST-ENG-0429,SEC-RKMP-BPL,RailGrindingDefect,4,2026-11-10,0,OPEN,KM-RKMP-BPL
DEF-TSK-00941,AST-S_A-0231,SEC-RKMP-BPL,AxleCounterCalibrationDefect,4,2026-09-14,0,OPEN,KM-RKMP-BPL
DEF-TSK-00942,AST-TRA-0379,SEC-RKMP-BPL,OHEInspectionDefect,4,2026-10-01,0,OPEN,KM-RKMP-BPL
DEF-TSK-00943,AST-ENG-0062,SEC-RKMP-BPL,JointWeldingDefect,4,2026-09-13,0,OPEN,KM-RKMP-BPL
DEF-TSK-00944,AST-S_A-0382,SEC-RKMP-BPL,SignalCableRenewalDefect,4,2026-09-24,0,OPEN,KM-RKMP-BPL
DEF-TSK-00945,AST-TRA-0426,SEC-RKMP-BPL,InsulatorReplacementDefect,4,2026-11-07,0,OPEN,KM-RKMP-BPL
DEF-TSK-00946,AST-ENG-0118,SEC-RKMP-BPL,JointWeldingDefect,3,2026-10-22,0,OPEN,KM-RKMP-BPL
DEF-TSK-00947,AST-S_A-0241,SEC-RKMP-BPL,AxleCounterCalibrationDefect,3,2026-10-17,0,OPEN,KM-RKMP-BPL
DEF-TSK-00948,AST-TRA-0071,SEC-RKMP-BPL,DropperReplacementDefect,5,2026-10-05,2,OPEN,KM-RKMP-BPL
DEF-TSK-00949,AST-ENG-0495,SEC-RKMP-BPL,BallastCleaningDefect,4,2026-10-16,0,OPEN,KM-RKMP-BPL
DEF-TSK-00950,AST-S_A-0127,SEC-RKMP-BPL,TurnoutAdjustmentDefect,5,2026-11-06,2,OPEN,KM-RKMP-BPL
DEF-TSK-00951,AST-TRA-0342,SEC-RKMP-BPL,OHEInspectionDefect,2,2026-09-03,0,OPEN,KM-RKMP-BPL
DEF-TSK-00952,AST-ENG-0385,SEC-RKMP-BPL,JointWeldingDefect,3,2026-11-06,0,OPEN,KM-RKMP-BPL
DEF-TSK-00953,AST-S_A-0122,SEC-RKMP-BPL,AxleCounterCalibrationDefect,5,2026-09-27,2,OPEN,KM-RKMP-BPL
DEF-TSK-00954,AST-TRA-0331,SEC-RKMP-BPL,DropperReplacementDefect,4,2026-11-09,0,OPEN,KM-RKMP-BPL
DEF-TSK-00955,AST-ENG-0152,SEC-RKMP-BPL,BallastCleaningDefect,3,2026-11-19,0,OPEN,KM-RKMP-BPL
DEF-TSK-00956,AST-S_A-0096,SEC-RKMP-BPL,AxleCounterCalibrationDefect,3,2026-11-15,0,OPEN,KM-RKMP-BPL
DEF-TSK-00957,AST-TRA-0339,SEC-RKMP-BPL,DropperReplacementDefect,4,2026-11-12,0,OPEN,KM-RKMP-BPL
DEF-TSK-00958,AST-ENG-0385,SEC-RKMP-BPL,BallastCleaningDefect,2,2026-10-18,0,OPEN,KM-RKMP-BPL
DEF-TSK-00959,AST-S_A-0118,SEC-RKMP-BPL,AxleCounterCalibrationDefect,3,2026-10-17,0,OPEN,KM-RKMP-BPL
DEF-TSK-00960,AST-TRA-0490,SEC-RKMP-BPL,ContactWireReplacementDefect,2,2026-10-11,0,OPEN,KM-RKMP-BPL
DEF-TSK-00961,AST-ENG-0312,SEC-RKMP-BPL,BallastCleaningDefect,3,2026-11-24,0,OPEN,KM-RKMP-BPL
DEF-TSK-00962,AST-S_A-0161,SEC-RKMP-BPL,SignalCableRenewalDefect,5,2026-11-18,2,OPEN,KM-RKMP-BPL
DEF-TSK-00963,AST-TRA-0487,SEC-RKMP-BPL,ContactWireReplacementDefect,4,2026-11-18,0,OPEN,KM-RKMP-BPL
DEF-TSK-00964,AST-ENG-0162,SEC-RKMP-BPL,JointWeldingDefect,3,2026-09-28,0,OPEN,KM-RKMP-BPL
DEF-TSK-00965,AST-S_A-0257,SEC-RKMP-BPL,SignalCableRenewalDefect,4,2026-09-22,0,OPEN,KM-RKMP-BPL
DEF-TSK-00966,AST-TRA-0055,SEC-RKMP-BPL,DropperReplacementDefect,3,2026-10-28,0,OPEN,KM-RKMP-BPL
DEF-TSK-00967,AST-ENG-0133,SEC-RKMP-BPL,TrackTampingDefect,3,2026-09-27,0,OPEN,KM-RKMP-BPL
DEF-TSK-00968,AST-S_A-0325,SEC-RKMP-BPL,SignalCableRenewalDefect,2,2026-09-07,0,OPEN,KM-RKMP-BPL
DEF-TSK-00969,AST-TRA-0111,SEC-RKMP-BPL,InsulatorReplacementDefect,3,2026-09-20,0,OPEN,KM-RKMP-BPL
DEF-TSK-00970,AST-ENG-0137,SEC-RKMP-BPL,RailGrindingDefect,4,2026-11-30,0,OPEN,KM-RKMP-BPL
DEF-TSK-00971,AST-S_A-0232,SEC-RKMP-BPL,AxleCounterCalibrationDefect,5,2026-11-17,2,OPEN,KM-RKMP-BPL
DEF-TSK-00972,AST-TRA-0063,SEC-RKMP-BPL,DropperReplacementDefect,2,2026-10-10,0,OPEN,KM-RKMP-BPL
DEF-TSK-00973,AST-ENG-0288,SEC-RKMP-BPL,JointWeldingDefect,3,2026-09-16,0,OPEN,KM-RKMP-BPL
DEF-TSK-00974,AST-S_A-0042,SEC-RKMP-BPL,TurnoutAdjustmentDefect,4,2026-10-24,0,OPEN,KM-RKMP-BPL
DEF-TSK-00975,AST-TRA-0438,SEC-RKMP-BPL,OHEInspectionDefect,4,2026-09-27,0,OPEN,KM-RKMP-BPL
DEF-TSK-00976,AST-ENG-0141,SEC-RKMP-BPL,JointWeldingDefect,5,2026-10-31,2,OPEN,KM-RKMP-BPL
DEF-TSK-00977,AST-S_A-0067,SEC-RKMP-BPL,PointMachineOverhaulDefect,4,2026-09-09,0,OPEN,KM-RKMP-BPL
DEF-TSK-00978,AST-TRA-0381,SEC-RKMP-BPL,OHEInspectionDefect,2,2026-11-07,0,OPEN,KM-RKMP-BPL
DEF-TSK-00979,AST-ENG-0227,SEC-RKMP-BPL,RailGrindingDefect,4,2026-11-18,0,OPEN,KM-RKMP-BPL
DEF-TSK-00980,AST-S_A-0364,SEC-RKMP-BPL,PointMachineOverhaulDefect,3,2026-11-18,0,OPEN,KM-RKMP-BPL
DEF-TSK-00981,AST-TRA-0240,SEC-RKMP-BPL,ContactWireReplacementDefect,4,2026-10-19,0,OPEN,KM-RKMP-BPL
DEF-TSK-00982,AST-ENG-0172,SEC-RKMP-BPL,SleeperRenewalDefect,4,2026-10-06,0,OPEN,KM-RKMP-BPL
DEF-TSK-00983,AST-S_A-0214,SEC-RKMP-BPL,SignalCableRenewalDefect,3,2026-09-17,0,OPEN,KM-RKMP-BPL
DEF-TSK-00984,AST-TRA-0306,SEC-RKMP-BPL,OHEInspectionDefect,5,2026-11-22,2,OPEN,KM-RKMP-BPL
DEF-TSK-00985,AST-ENG-0173,SEC-RKMP-BPL,JointWeldingDefect,5,2026-10-25,2,OPEN,KM-RKMP-BPL
DEF-TSK-00986,AST-S_A-0224,SEC-RKMP-BPL,PointMachineOverhaulDefect,4,2026-10-21,0,OPEN,KM-RKMP-BPL
DEF-TSK-00987,AST-TRA-0169,SEC-RKMP-BPL,InsulatorReplacementDefect,4,2026-11-13,0,OPEN,KM-RKMP-BPL
DEF-TSK-00988,AST-ENG-0159,SEC-RKMP-BPL,TrackTampingDefect,4,2026-11-23,0,OPEN,KM-RKMP-BPL
DEF-TSK-00989,AST-S_A-0373,SEC-RKMP-BPL,PointMachineOverhaulDefect,5,2026-11-02,2,OPEN,KM-RKMP-BPL
DEF-TSK-00990,AST-TRA-0320,SEC-RKMP-BPL,OHEInspectionDefect,3,2026-09-21,0,OPEN,KM-RKMP-BPL
DEF-TSK-00991,AST-ENG-0036,SEC-RKMP-BPL,BallastCleaningDefect,3,2026-09-06,0,OPEN,KM-RKMP-BPL
DEF-TSK-00992,AST-S_A-0056,SEC-RKMP-BPL,AxleCounterCalibrationDefect,2,2026-09-20,0,OPEN,KM-RKMP-BPL
DEF-TSK-00993,AST-TRA-0463,SEC-RKMP-BPL,InsulatorReplacementDefect,3,2026-10-21,0,OPEN,KM-RKMP-BPL
DEF-TSK-00994,AST-ENG-0467,SEC-RKMP-BPL,JointWeldingDefect,4,2026-10-17,0,OPEN,KM-RKMP-BPL
DEF-TSK-00995,AST-S_A-0220,SEC-RKMP-BPL,TurnoutAdjustmentDefect,4,2026-09-27,0,OPEN,KM-RKMP-BPL
DEF-TSK-00996,AST-TRA-0355,SEC-RKMP-BPL,DropperReplacementDefect,5,2026-10-30,2,OPEN,KM-RKMP-BPL
DEF-TSK-00997,AST-ENG-0224,SEC-RKMP-BPL,TrackTampingDefect,3,2026-09-03,0,OPEN,KM-RKMP-BPL
DEF-TSK-00998,AST-S_A-0138,SEC-RKMP-BPL,AxleCounterCalibrationDefect,4,2026-10-31,0,OPEN,KM-RKMP-BPL
DEF-TSK-00999,AST-TRA-0293,SEC-RKMP-BPL,ContactWireReplacementDefect,4,2026-11-28,0,OPEN,KM-RKMP-BPL
DEF-TSK-01000,AST-ENG-0069,SEC-RKMP-BPL,RailGrindingDefect,5,2026-11-02,2,OPEN,KM-RKMP-BPL
